#,Name,Team,Level,Age,PA,BB%,K%,BB/K,AVG,OBP,SLG,OPS,ISO,Spd,BABIP,wSB,wRC,wRAA,wOBA,wRC+
1,Jarred Kelenic,SEA,A,19-19,218,11.50%,20.60%,0.56,0.309,0.394,0.586,0.981,0.277,6.1,0.356,-0.2,45,20.3,0.439,181
2,Brett Cumberland,ATL,A,22-22,236,13.10%,25.80%,0.51,0.263,0.432,0.531,0.964,0.269,4.3,0.33,0.1,48,20.6,0.432,176
3,Trey Harris,ATL,A,22-23,324,8.30%,13.90%,0.6,0.343,0.412,0.535,0.947,0.192,5.7,0.383,-0.2,65,27,0.425,172
4,Kyle Datres,COL,A,23-23,379,12.40%,21.40%,0.58,0.286,0.397,0.54,0.937,0.254,7.7,0.341,1.3,74,30.5,0.422,170
5,Yanio Perez,TEX,A,21-21,204,8.80%,16.70%,0.53,0.322,0.392,0.533,0.925,0.211,4.6,0.353,0.5,39,15.3,0.416,166
6,Chad Spanberger,COL,A,22-22,380,5.30%,21.60%,0.24,0.315,0.363,0.579,0.942,0.264,6.8,0.355,1.6,73,27.9,0.409,163
7,Brewer Hicklen,KCR,A,22-22,347,6.90%,28.20%,0.24,0.307,0.378,0.552,0.93,0.245,8,0.395,3.4,66,25.2,0.408,162
8,Tanner Nishioka,BOS,A,23-23,343,9.00%,20.40%,0.44,0.322,0.401,0.512,0.912,0.189,4.3,0.389,-0.4,65,24.8,0.407,161
9,Terrin Vavra,COL,A,22-22,453,13.70%,13.70%,1,0.318,0.409,0.489,0.899,0.171,5.1,0.35,-0.1,84,31.2,0.407,160
10,Casey Golden,COL,A,23-23,524,7.30%,34.40%,0.21,0.278,0.359,0.562,0.921,0.284,7.1,0.378,1.6,98,36.6,0.404,160
11,Colton Welker,COL,A,19-19,279,6.50%,15.10%,0.43,0.35,0.401,0.5,0.901,0.15,3.2,0.399,-1.9,51,18.7,0.405,158
12,Carter Kieboom,WSN,A,19-19,210,13.30%,19.00%,0.7,0.296,0.4,0.497,0.897,0.201,3.1,0.344,-0.5,38,13.9,0.404,158
13,Laz Rivera,CHW,A,23-23,265,2.30%,18.10%,0.13,0.346,0.395,0.502,0.897,0.156,6.2,0.413,0.2,49,18,0.402,158
14,Kyle Mottice,PIT,A,23-23,222,11.70%,11.30%,1.04,0.316,0.466,0.363,0.828,0.047,6,0.37,0.7,40,14.7,0.403,158
15,Hunter Owen,PIT,A,23-23,343,7.00%,19.80%,0.35,0.292,0.388,0.505,0.893,0.213,5.4,0.343,-0.3,62,22.4,0.403,157
16,Daniel Johnson,WSN,A,21-21,364,6.00%,19.20%,0.31,0.3,0.361,0.529,0.89,0.229,6.6,0.333,-1.3,64,22.7,0.399,154
17,Canaan Smith-Njigba,NYY,A,20-20,528,14.00%,20.50%,0.69,0.307,0.405,0.465,0.871,0.158,5.2,0.381,1.5,94,32.9,0.398,154
18,Curtis Terry,TEX,A,22-22,259,5.40%,25.90%,0.21,0.263,0.328,0.56,0.889,0.297,2.5,0.301,-0.4,45,15.6,0.395,152
19,Michael Paez,NYM,A,22-22,263,10.30%,21.30%,0.48,0.29,0.376,0.509,0.885,0.219,5.2,0.345,-0.5,46,15.6,0.395,152
20,Braden Shewmake,ATL,A,21-21,226,9.30%,12.80%,0.72,0.318,0.389,0.473,0.862,0.154,6.8,0.359,0.9,39,13.4,0.394,151
21,Darick Hall,PHI,A,21-21,477,6.10%,23.10%,0.26,0.272,0.34,0.533,0.872,0.261,2,0.303,-0.2,81,26.3,0.389,148
22,Tyreque Reed,TEX,A,21-22,665,9.90%,24.40%,0.41,0.273,0.356,0.509,0.865,0.235,2.7,0.325,0.2,114,36.2,0.386,147
23,Estevan Florial,NYY,A,19-19,389,10.50%,31.90%,0.33,0.297,0.373,0.483,0.855,0.186,7.4,0.431,0.4,65,20.5,0.386,146
24,Drew Waters,ATL,A,19-19,365,5.80%,19.70%,0.29,0.303,0.353,0.513,0.867,0.211,8.3,0.362,2,62,19.4,0.383,145
25,Ji Hwan Bae,PIT,A,19-19,380,11.30%,20.30%,0.56,0.323,0.403,0.43,0.833,0.107,8.2,0.417,1.7,64,19.8,0.384,145
26,Julio Rodríguez,SEA,A,18-18,295,6.80%,22.40%,0.3,0.293,0.359,0.49,0.85,0.198,3.9,0.353,-1.1,49,15.3,0.384,145
27,Alex Destino,CHW,A,22-23,488,10.50%,24.20%,0.43,0.295,0.375,0.47,0.845,0.174,2.5,0.37,-0.5,82,25.2,0.384,145
28,Devlin Granberg,BOS,A,23-23,420,10.70%,18.80%,0.57,0.286,0.386,0.434,0.82,0.148,5.3,0.344,-0.5,69,20.3,0.379,142
29,Josh Breaux,NYY,A,21-21,216,6.90%,27.30%,0.25,0.271,0.324,0.518,0.842,0.246,1.2,0.32,0,35,10.3,0.378,141
30,Jake Scheiner,PHI,A,22-22,517,9.50%,15.70%,0.6,0.296,0.372,0.47,0.842,0.174,5.1,0.333,-0.4,85,24.4,0.375,140
31,Bobby Wernes,COL,A,22-22,293,10.20%,14.70%,0.7,0.29,0.376,0.448,0.824,0.159,3.3,0.33,-0.3,47,13.4,0.377,140
32,Emmanuel Rivera,KCR,A,21-21,508,6.10%,17.10%,0.36,0.31,0.364,0.468,0.832,0.157,4.5,0.359,-2.6,81,23.1,0.377,140
33,Alex Kowalczyk,TEX,A,23-23,376,6.40%,22.10%,0.29,0.305,0.375,0.449,0.824,0.144,2.9,0.38,-0.2,60,17,0.376,140
34,Seby Zavala,CHW,A,23-23,207,6.30%,25.10%,0.25,0.259,0.327,0.514,0.84,0.254,2,0.289,-0.1,33,9.3,0.376,139
35,Mason Martin,PIT,A,19-20,528,12.10%,31.30%,0.39,0.242,0.342,0.494,0.836,0.253,5.2,0.311,0.5,85,23.8,0.375,139
36,Michael Gigliotti,KCR,A,21-23,403,10.20%,18.40%,0.55,0.304,0.392,0.416,0.808,0.112,6.8,0.376,2.5,64,18,0.374,139
37,Greg Cullen,ATL,A,22-22,568,12.50%,17.60%,0.71,0.27,0.393,0.401,0.794,0.132,4.4,0.325,-1.3,91,25,0.374,138
38,Seuly Matias,KCR,A,19-19,376,6.40%,34.80%,0.18,0.231,0.303,0.55,0.853,0.32,5.8,0.264,1.2,61,16.7,0.372,138
39,John Cresto,COL,A,22-22,262,5.30%,28.20%,0.19,0.28,0.34,0.485,0.825,0.205,5.4,0.377,2,42,11.3,0.372,137
40,Jeremy Vasquez,NYM,A,21-21,334,12.90%,19.50%,0.66,0.289,0.383,0.437,0.82,0.148,2.7,0.35,0.1,54,14.5,0.37,137
41,Isiah Gilliam,NYY,A,20-20,511,10.80%,21.70%,0.5,0.275,0.356,0.468,0.825,0.194,5.5,0.329,-0.4,80,21.6,0.372,137
42,Skyler Ewing,SFG,A,24-24,354,10.20%,20.60%,0.49,0.246,0.359,0.455,0.813,0.209,3.3,0.28,-0.3,55,14.9,0.372,137
43,Tres Barrera,WSN,A,22-22,268,8.60%,21.60%,0.4,0.278,0.354,0.464,0.819,0.186,3.2,0.335,0.1,42,11.2,0.372,136
44,Steven Sensley,NYY,A,21-22,347,7.50%,24.80%,0.3,0.272,0.343,0.49,0.833,0.218,3.9,0.333,-1.2,55,14.7,0.37,136
45,Jose Gomez,COL,A,20-20,351,5.10%,16.20%,0.32,0.324,0.374,0.437,0.811,0.113,6,0.384,-0.9,55,14.6,0.371,136
46,Robert Neustrom,BAL,A,22-22,207,10.60%,17.90%,0.59,0.285,0.364,0.453,0.817,0.168,5.6,0.329,1,33,8.6,0.37,136
47,Tyler Nevin,COL,A,20-20,335,8.10%,16.70%,0.48,0.305,0.364,0.456,0.821,0.151,5.6,0.349,-0.1,52,13.8,0.371,136
48,Triston Casas,BOS,A,19-19,493,11.80%,23.50%,0.5,0.254,0.349,0.472,0.82,0.218,4.6,0.3,-0.3,77,20.3,0.37,136
49,William Contreras,ATL,A,20-20,342,8.50%,21.30%,0.4,0.293,0.36,0.463,0.822,0.169,3.4,0.351,-0.2,54,14.3,0.368,136
50,Josh Stowers,NYY,A,22-22,460,13.90%,26.70%,0.52,0.273,0.386,0.4,0.786,0.127,6,0.383,0.5,72,18.6,0.369,135
51,Vince Fernandez,COL,A,21-21,428,10.30%,28.50%,0.36,0.269,0.352,0.464,0.816,0.195,4.5,0.356,-1,66,17.1,0.369,135
52,Jonah Davis,PIT,A,21-21,359,9.20%,36.20%,0.25,0.249,0.327,0.489,0.816,0.24,4.4,0.351,-2.7,56,14.3,0.368,135
53,Sheldon Neuse,WSN,A,22-22,321,7.80%,20.60%,0.38,0.291,0.349,0.469,0.818,0.178,6,0.347,0.3,49,12.6,0.369,134
54,Brian Miller,MIA,A,21-21,258,8.90%,13.60%,0.66,0.322,0.384,0.416,0.8,0.094,6.6,0.374,1.7,40,10.1,0.368,134
55,Jack Herman,PIT,A,19-19,300,9.30%,29.30%,0.32,0.257,0.34,0.464,0.804,0.208,5.3,0.333,-1.3,46,11.7,0.367,134
56,Boo Vazquez,MIA,A,24-24,277,9.70%,26.00%,0.38,0.281,0.362,0.446,0.809,0.165,4.1,0.373,-2.1,42,10.7,0.367,134
57,Albert Baur,PIT,A,25-25,442,9.30%,19.00%,0.49,0.298,0.367,0.439,0.805,0.14,1.5,0.357,-0.2,68,17,0.367,134
58,Justin Dean,ATL,A,21-22,629,11.60%,22.60%,0.51,0.279,0.375,0.417,0.792,0.138,8.7,0.361,5.9,97,24.2,0.366,133
59,Scott Manea,NYM,A,22-22,405,8.60%,16.30%,0.53,0.261,0.368,0.432,0.8,0.171,1.5,0.291,0.1,63,15.7,0.364,133
60,Bret Boswell,COL,A,23-23,413,5.10%,24.90%,0.2,0.288,0.331,0.496,0.827,0.208,6,0.351,-0.6,64,16,0.364,133
61,Kole Cottam,BOS,A,21-22,320,13.80%,24.70%,0.56,0.252,0.375,0.406,0.781,0.154,2.4,0.335,-0.1,49,12.1,0.365,133
62,Adam Hall,BAL,A,20-20,534,8.40%,21.90%,0.38,0.298,0.385,0.395,0.78,0.097,7,0.387,2.9,82,20.1,0.365,133
63,James Nelson,MIA,A,19-19,432,6.00%,24.50%,0.25,0.309,0.354,0.456,0.81,0.147,4.5,0.399,0.2,65,15.8,0.365,132
64,Sherten Apostel,TEX,A,20-20,319,8.80%,22.30%,0.39,0.258,0.332,0.47,0.802,0.212,3.2,0.29,-0.1,49,11.7,0.364,132
65,Danny Edgeworth,COL,A,23-23,274,11.30%,26.30%,0.43,0.272,0.369,0.413,0.782,0.14,3.6,0.361,-0.1,42,9.9,0.363,131
66,Matt Vierling,PHI,A,21-21,204,4.90%,18.60%,0.26,0.293,0.342,0.473,0.814,0.179,3.5,0.336,-1,31,7.4,0.361,131
67,Oneil Cruz,PIT,A,18-19,506,8.30%,24.10%,0.34,0.278,0.34,0.477,0.817,0.199,6.7,0.344,0.2,78,18.3,0.361,131
68,Carlos Munoz,PIT,A,23-23,422,12.80%,9.70%,1.32,0.275,0.386,0.39,0.776,0.115,2.1,0.297,-1,63,14.9,0.363,131
69,Matt Winaker,NYM,A,22-22,516,12.00%,17.10%,0.7,0.254,0.37,0.433,0.803,0.179,5.1,0.286,-0.4,79,18.5,0.361,131
70,Sam Huff,TEX,A,20-21,562,5.20%,31.50%,0.16,0.26,0.308,0.512,0.82,0.252,5.7,0.327,1.8,86,19.9,0.361,131
71,Patrick Dorrian,PIT,A,23-23,255,11.00%,25.10%,0.44,0.256,0.346,0.443,0.789,0.187,7.3,0.329,0.8,38,8.6,0.36,129
72,Zach Sterry,BOS,A,24-24,230,10.00%,23.50%,0.43,0.291,0.37,0.424,0.793,0.133,2.9,0.372,0,35,7.9,0.358,129
73,Travis Jones,KCR,A,22-22,261,6.50%,21.50%,0.3,0.285,0.368,0.417,0.784,0.132,6.5,0.355,0,39,8.8,0.358,129
74,MJ Melendez,KCR,A,19-19,472,9.10%,30.30%,0.3,0.251,0.322,0.492,0.814,0.241,4.7,0.327,-1.6,71,15.7,0.357,128
75,Brandon Wagner,NYY,A,21-21,439,13.00%,26.40%,0.49,0.277,0.38,0.392,0.773,0.116,3,0.381,0,64,14.1,0.359,128
76,Brandon Brosher,NYM,A,22-22,261,11.50%,39.50%,0.29,0.221,0.346,0.433,0.779,0.212,3.7,0.343,0.3,38,8.3,0.359,128
77,Drew Mendoza,WSN,A,21-21,239,14.20%,23.80%,0.6,0.264,0.377,0.383,0.76,0.119,3.2,0.348,0.5,35,7.7,0.358,128
78,Bobby Dalbec,BOS,A,22-22,329,10.90%,37.40%,0.29,0.246,0.345,0.437,0.781,0.19,3.1,0.383,-1.3,48,10.5,0.359,128
79,Jameson Fisher,CHW,A,23-23,265,11.70%,22.30%,0.53,0.269,0.365,0.417,0.782,0.148,5.4,0.345,-0.5,39,8.4,0.358,128
80,Luis González,CHW,A,21-22,532,11.10%,20.10%,0.55,0.272,0.357,0.425,0.783,0.153,5.2,0.332,-0.3,78,16.6,0.356,127
81,Roldani Baldwin,BOS,A,21-21,394,4.80%,18.50%,0.26,0.274,0.31,0.489,0.8,0.215,2.8,0.305,0.1,57,12,0.357,127
82,Micker Adolfo,CHW,A,20-20,473,6.60%,31.50%,0.21,0.264,0.331,0.453,0.784,0.189,4,0.366,0.2,68,14.1,0.356,126
83,Riley Delgado,ATL,A,22-23,356,5.10%,9.00%,0.56,0.322,0.374,0.402,0.776,0.08,2.3,0.348,0.3,52,10.7,0.353,125
84,Khalil Lee,KCR,A,19-19,532,12.20%,32.10%,0.38,0.237,0.344,0.43,0.774,0.193,6.6,0.338,-3.4,76,15.5,0.355,125
85,Gabriel Cancel,KCR,A,20-20,433,5.30%,22.90%,0.23,0.277,0.324,0.466,0.79,0.19,5.4,0.334,-1.5,62,12.5,0.355,125
86,Bubba Thompson,TEX,A,20-20,363,6.30%,28.70%,0.22,0.289,0.344,0.446,0.79,0.157,8.6,0.396,3.6,53,10.8,0.352,125
87,Jake Ring,BAL,A,22-22,513,7.20%,27.30%,0.26,0.272,0.328,0.457,0.785,0.185,6.2,0.357,0.8,73,14.6,0.354,125
88,Rodolfo Durán,PHI,A,20-20,336,6.00%,22.30%,0.27,0.26,0.304,0.495,0.8,0.235,3,0.285,-0.2,49,9.6,0.351,124
89,Nick Pratto,KCR,A,19-19,537,8.40%,27.90%,0.3,0.28,0.343,0.443,0.786,0.163,6.1,0.375,2.4,78,15.3,0.351,124
90,Willie Abreu,COL,A,22-22,512,5.10%,18.20%,0.28,0.283,0.321,0.463,0.784,0.18,8.1,0.324,4.2,73,13.9,0.352,124
91,Jason Lopez,NYY,A,20-20,274,5.50%,20.80%,0.26,0.285,0.33,0.453,0.783,0.168,4.1,0.34,0.2,40,7.5,0.35,123
92,Kort Peterson,KCR,A,23-23,223,7.60%,24.20%,0.31,0.29,0.374,0.389,0.762,0.098,5.3,0.393,-0.3,31,5.9,0.351,123
93,Zach Jarrett,BAL,A,23-23,555,7.40%,24.50%,0.3,0.277,0.342,0.437,0.779,0.16,5.1,0.353,0.1,80,14.8,0.349,123
94,Max George,COL,A,21-23,588,10.20%,17.70%,0.58,0.252,0.351,0.404,0.754,0.152,6.4,0.293,3,82,14.8,0.35,122
95,Dérmis Garcia,NYY,A,19-20,488,10.20%,31.40%,0.33,0.237,0.318,0.463,0.781,0.226,3.5,0.308,-0.2,69,12.4,0.348,122
96,Melvin Novoa,TEX,A,22-23,439,6.20%,18.00%,0.34,0.263,0.322,0.448,0.77,0.185,2,0.292,-0.6,62,11,0.348,122
97,Jacob Rhinesmith,WSN,A,23-23,562,10.70%,15.10%,0.71,0.264,0.351,0.405,0.756,0.141,5.5,0.299,1.3,79,13.9,0.348,121
98,Diego Rincones,SFG,A,20-20,442,6.10%,12.70%,0.48,0.295,0.346,0.415,0.761,0.12,2.9,0.327,-0.1,62,10.9,0.348,121
99,Victor Acosta,BOS,A,22-22,312,4.20%,11.50%,0.36,0.285,0.323,0.458,0.781,0.174,4.7,0.298,0,44,7.5,0.345,121
100,Chris Hudgins,KCR,A,23-23,202,7.90%,25.70%,0.31,0.247,0.322,0.438,0.76,0.191,5.5,0.292,0.2,28,4.7,0.346,120
101,Joseph Rosa,SEA,A,22-22,318,10.40%,20.10%,0.52,0.268,0.365,0.371,0.736,0.103,4.8,0.337,-0.5,44,7.4,0.346,120
102,Omar Meregildo,WSN,A,20-21,369,10.00%,28.50%,0.35,0.258,0.336,0.432,0.768,0.174,1,0.343,0,52,8.5,0.345,120
103,Tyler Frost,CHW,A,22-22,464,9.90%,27.80%,0.36,0.241,0.324,0.445,0.769,0.204,5.3,0.305,-0.2,65,10.7,0.344,120
104,Cal Mitchell,PIT,A,19-19,495,8.30%,22.00%,0.38,0.28,0.344,0.427,0.771,0.147,3.6,0.347,-1.2,70,11.4,0.344,120
105,Ryan Dorow,TEX,A,21-22,489,8.00%,24.70%,0.32,0.272,0.342,0.426,0.768,0.154,3.5,0.346,0.2,68,10.8,0.343,119
106,Chris Madera,BOS,A,24-24,210,10.00%,18.60%,0.54,0.276,0.354,0.389,0.743,0.114,5.8,0.324,1.5,29,4.5,0.345,119
107,Freddy Fermin,KCR,A,24-24,226,6.20%,16.40%,0.38,0.263,0.311,0.445,0.756,0.182,4.4,0.28,0.4,31,4.9,0.344,119
108,Ian Dawkins,CHW,A,22-23,734,6.70%,16.10%,0.42,0.295,0.357,0.386,0.743,0.092,4.8,0.352,1.3,101,15.7,0.343,119
109,Anthony Villa,CHW,A,24-24,250,11.20%,29.60%,0.38,0.261,0.361,0.384,0.745,0.123,2.4,0.38,0.2,35,5.4,0.342,118
110,Joel Booker,CHW,A,23-23,321,5.30%,20.60%,0.26,0.301,0.359,0.385,0.743,0.084,6.8,0.379,0.7,44,6.7,0.344,118
111,Corey Bird,MIA,A,21-21,331,8.50%,17.80%,0.47,0.294,0.36,0.387,0.747,0.093,7.7,0.363,0.9,45,6.8,0.344,118
112,Jacob Bosiokovic,COL,A,23-25,374,3.20%,39.00%,0.08,0.248,0.3,0.466,0.767,0.219,7.6,0.378,-0.1,51,7.7,0.344,118
113,Brandon Dulin,CHW,A,24-24,295,8.50%,21.70%,0.39,0.245,0.331,0.416,0.747,0.171,2,0.282,-0.5,40,6,0.344,118
114,Tate Blackman,CHW,A,23-23,527,11.80%,29.00%,0.41,0.244,0.344,0.407,0.751,0.162,3.9,0.326,-0.8,72,10.5,0.34,117
115,Logan Brown,ATL,A,22-22,208,5.30%,18.80%,0.28,0.301,0.351,0.383,0.734,0.083,2.7,0.373,0,28,4.1,0.341,117
116,Jax Biggers,TEX,A,22-22,300,11.30%,13.00%,0.87,0.282,0.369,0.353,0.722,0.071,5.7,0.323,-0.1,40,5.8,0.341,117
117,Telmito Agustin,WSN,A,20-20,315,4.10%,23.50%,0.18,0.277,0.308,0.456,0.764,0.179,6.8,0.34,0.1,42,6,0.341,116
118,Pedro Gonzalez,TEX,A,20-21,830,8.10%,28.80%,0.28,0.242,0.308,0.449,0.756,0.207,6.7,0.304,0.1,112,15.8,0.34,116
119,Jake Burger,CHW,A,21-21,200,6.50%,14.00%,0.46,0.271,0.335,0.409,0.744,0.138,3.5,0.3,-0.5,27,3.7,0.341,116
120,Jake Noll,WSN,A,23-23,438,4.60%,14.60%,0.31,0.27,0.312,0.448,0.759,0.178,5.2,0.28,0.7,58,8.1,0.341,116
121,Wagner Lagrange,NYM,A,23-23,273,5.90%,17.20%,0.34,0.282,0.324,0.425,0.748,0.143,3.4,0.328,-0.4,37,5,0.339,116
122,Blake Tiberi,NYM,A,22-23,381,15.00%,17.30%,0.86,0.259,0.375,0.348,0.723,0.089,4.8,0.312,0.8,52,7.1,0.338,116
123,Niko Decolati,COL,A,21-21,331,3.90%,24.20%,0.16,0.265,0.334,0.399,0.733,0.134,7.7,0.341,0.5,44,6,0.339,116
124,Hoy Park,NYY,A,21-21,373,10.50%,16.90%,0.62,0.262,0.358,0.367,0.725,0.105,7.2,0.31,0.6,49,6.7,0.34,116
125,Sean Bouchard,COL,A,22-22,515,8.00%,24.90%,0.32,0.257,0.324,0.43,0.754,0.173,6.3,0.323,0.8,70,9.4,0.338,116
126,Blake Perkins,WSN,A,20-20,572,12.60%,20.60%,0.61,0.255,0.354,0.378,0.732,0.122,7.5,0.318,2.8,76,10,0.34,115
127,Yohel Pozo,TEX,A,20-21,615,5.50%,9.40%,0.59,0.282,0.327,0.425,0.751,0.142,2.5,0.295,0,82,10.5,0.337,115
128,Jarett Rindfleisch,MIA,A,21-21,355,9.00%,23.40%,0.39,0.243,0.359,0.358,0.717,0.115,3.6,0.314,-0.2,47,6,0.339,115
129,Malvin Matos,PHI,A,21-22,465,10.30%,23.40%,0.44,0.248,0.343,0.378,0.721,0.13,5.5,0.317,0.3,62,7.9,0.338,115
130,Willie MacIver,COL,A,22-22,480,7.10%,21.90%,0.32,0.252,0.319,0.421,0.741,0.169,5.7,0.3,0.7,63,8,0.337,115
131,Mickey Gasper,NYY,A,22-23,344,12.80%,18.30%,0.7,0.232,0.346,0.374,0.72,0.142,2.1,0.267,0.1,45,5.7,0.337,114
132,Vance Vizcaino,KCR,A,22-23,232,10.80%,19.80%,0.54,0.284,0.362,0.363,0.726,0.08,5.2,0.359,-2.1,31,3.8,0.337,114
133,J.J. Franco,NYM,A,25-25,204,13.70%,16.20%,0.85,0.283,0.383,0.324,0.707,0.04,2.6,0.35,-0.3,27,3.3,0.338,114
134,Tyler Hill,BOS,A,21-21,513,7.20%,14.40%,0.5,0.272,0.342,0.39,0.732,0.118,7.4,0.307,5,67,8.3,0.338,114
135,Colby Fitch,PHI,A,21-22,390,14.40%,26.40%,0.54,0.232,0.357,0.365,0.723,0.133,3.8,0.316,-0.8,52,6.3,0.336,114
136,Corey Zangari,CHW,A,21-22,345,12.80%,33.30%,0.38,0.203,0.313,0.426,0.739,0.223,3.8,0.265,-0.1,45,5.4,0.336,114
137,Chris Sharpe,PIT,A,22-22,333,11.70%,29.40%,0.4,0.263,0.362,0.36,0.722,0.097,6.3,0.385,0.6,44,5.2,0.334,113
138,Frankie Tostado,SFG,A,21-21,541,6.70%,20.90%,0.32,0.259,0.313,0.427,0.74,0.168,3.8,0.299,-0.1,71,8.2,0.335,113
139,Deon Stafford,PIT,A,22-22,382,7.30%,25.90%,0.28,0.253,0.316,0.433,0.749,0.18,5.3,0.321,-1.2,51,5.9,0.334,113
140,Michael Bernal,SFG,A,24-24,257,7.40%,23.70%,0.31,0.267,0.349,0.369,0.718,0.102,3.3,0.356,-0.7,33,3.6,0.335,112
141,Cole Freeman,WSN,A,23-23,522,9.00%,11.30%,0.8,0.266,0.354,0.371,0.725,0.105,6.7,0.298,2,69,7.6,0.333,112
142,Aldrem Corredor,WSN,A,21-22,714,9.00%,19.90%,0.45,0.269,0.34,0.388,0.728,0.119,4.1,0.332,0.2,93,10.2,0.334,112
143,Brandon Lockridge,NYY,A,22-22,556,8.10%,25.20%,0.32,0.251,0.319,0.41,0.729,0.159,6.6,0.323,1.1,72,7.7,0.333,112
144,Ryan Scott,BOS,A,23-23,477,8.00%,25.40%,0.31,0.24,0.323,0.408,0.731,0.168,6,0.299,0.8,61,6.6,0.335,112
145,Steele Walker,CHW,A,21-22,213,7.50%,20.70%,0.36,0.257,0.324,0.417,0.741,0.16,6.6,0.31,0.6,28,2.8,0.333,112
146,Carlos Vidal,NYY,A,21-22,586,8.90%,16.70%,0.53,0.275,0.344,0.384,0.728,0.109,5.4,0.329,-1.7,76,8,0.333,112
147,Adrian Valerio,PIT,A,20-20,352,3.10%,17.90%,0.17,0.273,0.301,0.442,0.743,0.169,5.7,0.305,-1.3,45,4.6,0.334,111
148,Cadyn Grenier,BAL,A,21-22,547,11.90%,29.30%,0.41,0.24,0.339,0.377,0.715,0.136,5.8,0.343,0.3,70,6.9,0.332,111
149,Lorenzo Cedrola,BOS,A,19-20,608,2.60%,12.70%,0.21,0.297,0.332,0.402,0.734,0.104,6.9,0.335,-0.4,78,7.8,0.332,111
150,Colby Lusignan,MIA,A,24-24,337,7.70%,34.70%,0.22,0.243,0.315,0.414,0.729,0.171,5.2,0.363,-0.1,43,4.2,0.333,111
151,Ryan Fitzgerald,BOS,A,24-24,351,8.30%,19.90%,0.41,0.274,0.337,0.396,0.733,0.123,4.8,0.328,-0.2,46,4.4,0.331,111
152,Luis García Jr.,WSN,A,18-18,323,5.90%,15.20%,0.39,0.297,0.335,0.402,0.737,0.105,6.3,0.343,-0.4,42,4.1,0.33,111
153,Preston Scott,TEX,A,23-24,354,7.10%,22.90%,0.31,0.251,0.322,0.41,0.732,0.159,5.8,0.306,2,46,4.3,0.331,111
154,Ryan Vilade,COL,A,19-19,533,9.20%,18.00%,0.51,0.274,0.353,0.368,0.72,0.094,5.9,0.333,-1.8,69,6.6,0.33,110
155,Trevor Craport,BAL,A,21-21,497,7.40%,15.50%,0.48,0.256,0.326,0.41,0.736,0.153,5,0.281,0,64,6,0.33,110
156,Cristian Paulino,SFG,A,25-25,258,8.90%,19.00%,0.47,0.271,0.343,0.371,0.714,0.1,6.6,0.33,3.1,33,3,0.332,110
157,Yonny Hernández,TEX,A,20-20,443,13.10%,14.70%,0.89,0.26,0.371,0.327,0.698,0.066,6.8,0.311,2.8,57,5.2,0.329,110
158,Eric Cole,KCR,A,22-22,543,11.40%,16.60%,0.69,0.24,0.33,0.382,0.712,0.142,5.1,0.273,0.5,69,6.2,0.33,110
159,Ryan Kirby,SFG,A,22-23,606,10.10%,27.70%,0.36,0.23,0.327,0.397,0.724,0.167,4.1,0.306,0,78,7.1,0.33,110
160,Lolo Sanchez,PIT,A,19-20,704,8.20%,14.20%,0.58,0.265,0.343,0.374,0.717,0.109,7.5,0.302,0.7,90,7.8,0.33,110
161,Rudy Martin,KCR,A,21-23,238,8.80%,30.30%,0.29,0.25,0.323,0.394,0.718,0.144,8,0.356,2.7,30,2.6,0.33,110
162,Justin Harrer,PIT,A,22-22,262,9.50%,25.60%,0.37,0.231,0.326,0.38,0.706,0.148,6.1,0.301,1,33,2.9,0.33,110
163,Cole Billingsley,BAL,A,23-23,523,8.40%,18.50%,0.45,0.282,0.349,0.367,0.715,0.085,6.1,0.347,0.4,66,5.7,0.331,110
164,Desmond Lindsay,NYM,A,20-20,251,13.10%,30.70%,0.43,0.22,0.327,0.388,0.715,0.168,5.2,0.298,-0.1,32,2.8,0.331,110
165,Cade Harris,COL,A,22-22,281,14.60%,33.10%,0.44,0.22,0.346,0.345,0.691,0.126,4.5,0.336,-0.5,35,3,0.329,109
166,Nick Maton,PHI,A,21-21,466,9.20%,22.10%,0.42,0.256,0.33,0.404,0.734,0.148,5.1,0.318,-0.2,60,5.1,0.328,109
167,Brandon Howlett,BOS,A,19-19,465,12.00%,31.00%,0.39,0.231,0.341,0.356,0.698,0.126,2.8,0.337,-1.9,59,4.9,0.329,109
168,Bobby Honeyman,SEA,A,23-23,509,7.10%,12.80%,0.55,0.28,0.339,0.37,0.708,0.089,2.5,0.31,-0.5,64,5.4,0.329,109
169,Isael Soto,MIA,A,21-21,380,8.40%,25.50%,0.33,0.23,0.3,0.44,0.74,0.209,4.2,0.272,-0.8,49,4,0.328,109
170,Gavin Sheets,CHW,A,21-21,218,9.20%,15.60%,0.59,0.266,0.346,0.365,0.71,0.099,0.7,0.308,-0.1,27,2.2,0.33,109
171,Hansel Moreno,NYM,A,21-22,489,7.60%,26.00%,0.29,0.255,0.317,0.409,0.726,0.154,6.9,0.328,-0.5,62,5,0.328,109
172,Ty Moore,PIT,A,23-23,266,9.80%,18.00%,0.54,0.266,0.35,0.358,0.708,0.092,3.1,0.324,-0.1,33,2.5,0.329,108
173,Ryan McKenna,BAL,A,20-20,530,8.10%,24.20%,0.34,0.256,0.331,0.38,0.712,0.124,6.1,0.336,3,66,5.1,0.329,108
174,Nolan Brown,CHW,A,24-24,206,9.20%,20.40%,0.45,0.285,0.358,0.358,0.715,0.073,6.5,0.364,0.8,26,2,0.327,108
175,Griffin Benson,ATL,A,20-21,466,11.20%,33.90%,0.33,0.208,0.318,0.385,0.703,0.178,4.7,0.304,-0.1,58,4.4,0.327,108
176,Will Golsan,COL,A,23-23,447,9.60%,19.50%,0.49,0.259,0.34,0.359,0.699,0.1,4.3,0.316,-4.5,56,4.2,0.327,108
177,Onil Pena,SEA,A,22-22,485,10.90%,32.80%,0.33,0.208,0.316,0.387,0.704,0.179,3.1,0.292,-0.9,60,4.4,0.327,108
178,Matt McLaughlin,COL,A,22-22,399,7.80%,16.30%,0.48,0.263,0.338,0.374,0.713,0.111,3.7,0.311,-3.6,51,3.7,0.326,108
179,Preston Palmeiro,BAL,A,22-22,544,7.90%,24.40%,0.32,0.253,0.319,0.399,0.718,0.147,2.9,0.319,-0.8,67,4.8,0.328,108
180,Jonathan Ornelas,TEX,A,19-19,472,8.90%,21.80%,0.41,0.257,0.333,0.373,0.706,0.116,5.8,0.322,0.9,59,4.2,0.327,108
181,Kyle Gray,NYY,A,22-22,340,10.90%,29.10%,0.37,0.236,0.325,0.378,0.704,0.142,6.9,0.335,-0.3,42,2.9,0.326,107
182,Chase Vallot,KCR,A,22-22,328,9.80%,47.30%,0.21,0.19,0.303,0.401,0.704,0.211,3.8,0.348,-0.5,41,2.8,0.326,107
183,Drew Lugbauer,ATL,A,20-21,591,8.60%,32.30%,0.27,0.242,0.321,0.394,0.715,0.152,3,0.35,0.2,74,5,0.326,107
184,Fabricio Macias,PIT,A,20-21,663,6.30%,19.90%,0.32,0.268,0.327,0.381,0.708,0.114,6.4,0.325,-0.3,82,5.3,0.326,107
185,Eric Gutierrez,MIA,A,23-24,454,8.40%,15.00%,0.56,0.259,0.336,0.373,0.708,0.113,3.7,0.287,0.7,56,3.5,0.326,107
186,Pedro Castellanos,BOS,A,19-20,374,3.20%,13.90%,0.23,0.303,0.334,0.388,0.722,0.085,3.4,0.35,-1,47,3,0.325,107
187,Anderson Tejeda,TEX,A,19-19,446,8.10%,29.60%,0.27,0.247,0.309,0.411,0.721,0.165,7.1,0.343,-0.9,55,3.4,0.327,107
188,Andrés Giménez,NYM,A,18-18,399,7.00%,15.30%,0.46,0.265,0.346,0.349,0.695,0.084,6.3,0.31,-0.6,49,3,0.326,107
189,Jesus Alastre,PHI,A,20-21,207,4.30%,19.80%,0.22,0.286,0.338,0.365,0.703,0.079,5.2,0.361,-0.1,25,1.5,0.326,106
190,Tyler Esplin,BOS,A,19-19,436,9.20%,24.50%,0.37,0.253,0.326,0.375,0.701,0.121,5,0.333,-0.1,53,3.2,0.325,106
191,Pablo Olivares,NYY,A,19-20,360,6.90%,20.80%,0.33,0.272,0.341,0.363,0.703,0.091,4.4,0.337,0.8,45,2.7,0.324,106
192,Gunnar Troutwine,CHW,A,23-23,233,13.30%,32.60%,0.41,0.24,0.341,0.345,0.686,0.105,2.7,0.374,0.2,28,1.5,0.324,106
193,Coco Montes,COL,A,22-22,549,5.30%,22.20%,0.24,0.258,0.305,0.406,0.711,0.148,3.9,0.311,-3.3,67,3.4,0.323,105
194,Romy Gonzalez,CHW,A,22-22,405,9.40%,26.70%,0.35,0.244,0.329,0.364,0.693,0.119,5.8,0.337,0.9,49,2.5,0.323,105
195,Kyle Marinconz,WSN,A,23-23,429,10.50%,17.70%,0.59,0.247,0.336,0.352,0.688,0.105,5.5,0.296,0.1,52,2.6,0.323,105
196,Arquímedes Gamboa,PHI,A,19-19,350,9.40%,14.90%,0.63,0.261,0.328,0.378,0.705,0.117,6.2,0.291,1.5,42,2,0.324,105
197,Meibrys Viloria,KCR,A,20-20,398,6.30%,19.80%,0.32,0.259,0.313,0.394,0.707,0.135,2.9,0.31,-0.5,48,2.2,0.324,105
198,Dennicher Carrasco,KCR,A,22-22,248,4.40%,23.40%,0.19,0.25,0.294,0.427,0.721,0.177,4.1,0.291,-0.8,31,1.4,0.322,105
199,Mark Vientos,NYM,A,19-19,454,4.80%,24.20%,0.2,0.255,0.3,0.411,0.711,0.156,2.7,0.311,-1.5,55,2.5,0.322,105
200,Oswald Peraza,NYY,A,19-19,208,7.70%,13.50%,0.57,0.273,0.348,0.333,0.681,0.06,6.2,0.31,1.5,25,1.1,0.322,105
201,Rafael Marchán,PHI,A,20-20,265,9.10%,11.70%,0.77,0.271,0.347,0.339,0.686,0.068,1.7,0.311,-1.1,32,1.4,0.322,105
202,Rodolfo Castro,PIT,A,19-20,672,6.50%,25.00%,0.26,0.235,0.288,0.438,0.726,0.203,5.5,0.274,-0.8,82,3.4,0.322,105
203,Cole Stobbe,PHI,A,20-21,443,9.30%,39.10%,0.24,0.213,0.295,0.405,0.7,0.192,5.7,0.33,-0.9,53,2.1,0.321,104
204,Grant Lavigne,COL,A,19-19,526,12.90%,24.50%,0.53,0.236,0.347,0.327,0.674,0.091,2.6,0.314,-2.1,63,2.5,0.321,104
205,Heliot Ramos,SFG,A,18-18,535,6.50%,25.40%,0.26,0.245,0.313,0.396,0.709,0.151,5.9,0.319,-1.2,65,2.5,0.32,104
206,Malique Ziegler,SFG,A,21-21,214,9.30%,28.00%,0.33,0.235,0.327,0.372,0.699,0.137,5.7,0.322,-0.6,26,0.9,0.32,104
207,Clark Eagan,PIT,A,22-22,482,5.80%,12.00%,0.48,0.261,0.317,0.388,0.704,0.126,4.9,0.282,-2.4,57,2,0.322,104
208,Zach Rheams,NYM,A,21-22,241,7.90%,30.70%,0.26,0.223,0.303,0.4,0.703,0.177,0.9,0.293,0,29,1,0.32,103
209,Cord Sandberg,PHI,A,22-22,218,5.00%,26.60%,0.19,0.266,0.309,0.407,0.716,0.141,5,0.352,0.1,26,0.8,0.321,103
210,Mason McCoy,BAL,A,23-23,536,8.40%,17.70%,0.47,0.266,0.331,0.369,0.701,0.104,7,0.321,1.9,65,2,0.319,103
211,Chris Clare,BAL,A,22-22,355,11.30%,17.50%,0.65,0.242,0.352,0.318,0.67,0.076,3.9,0.297,-0.2,42,1.2,0.321,103
212,Brett Barbier,PHI,A,23-23,206,8.30%,27.70%,0.3,0.229,0.332,0.349,0.68,0.12,3.1,0.31,0.1,24,0.7,0.321,103
213,Jackson Cluff,WSN,A,22-22,280,9.30%,22.50%,0.41,0.229,0.32,0.367,0.687,0.138,7.2,0.284,0.1,33,0.9,0.319,103
214,Taylor Snyder,COL,A,22-23,698,5.70%,27.70%,0.21,0.245,0.298,0.415,0.713,0.171,5.5,0.317,-1.1,83,2.4,0.32,103
215,Brhet Bewley,KCR,A,22-22,244,12.70%,22.50%,0.56,0.252,0.356,0.307,0.663,0.054,3.2,0.34,-1.5,29,0.8,0.319,103
216,Kelvin Beltre,SFG,A,20-20,477,9.90%,20.10%,0.49,0.253,0.328,0.362,0.69,0.109,5.6,0.312,0.4,56,1.4,0.32,103
217,Matt Whatley,TEX,A,22-23,486,13.20%,18.70%,0.7,0.233,0.346,0.323,0.669,0.09,6.2,0.285,2.9,57,1.3,0.319,102
218,Santiago Espinal,BOS,A,22-22,544,7.20%,12.10%,0.59,0.28,0.334,0.358,0.692,0.077,5.8,0.314,1.4,64,1.3,0.32,102
219,Jean Angomas,SFG,A,22-23,372,7.50%,9.10%,0.82,0.284,0.337,0.355,0.692,0.072,5.1,0.309,-2.5,44,0.8,0.319,102
220,Grant Williams,BOS,A,23-23,393,7.90%,10.90%,0.72,0.265,0.332,0.352,0.683,0.086,4.6,0.295,-2.5,46,0.8,0.318,102
221,Alejandro Flores,WSN,A,22-22,245,9.80%,18.00%,0.55,0.216,0.309,0.39,0.698,0.174,5,0.244,0.2,29,0.5,0.317,102
222,Samuel Castro,MIA,A,20-20,216,5.10%,24.10%,0.21,0.262,0.33,0.359,0.689,0.097,6.3,0.352,0.4,26,0.4,0.317,102
223,Izzy Wilson,ATL,A,19-20,448,10.30%,28.80%,0.36,0.243,0.327,0.363,0.69,0.12,7.5,0.339,1.1,53,0.9,0.318,102
224,Cal Jones,KCR,A,20-20,336,7.10%,28.30%,0.25,0.253,0.31,0.398,0.708,0.145,5.5,0.337,-1.4,40,0.7,0.317,102
225,Jefrey Ramos,ATL,A,19-19,503,5.40%,17.70%,0.3,0.245,0.29,0.424,0.715,0.179,4.8,0.27,0.4,60,0.9,0.317,102
226,Sandro Fabian,SFG,A,19-19,504,2.00%,17.50%,0.11,0.277,0.297,0.408,0.705,0.131,2.9,0.317,-0.8,59,0.8,0.319,101
227,Kole Enright,TEX,A,20-21,532,7.70%,26.70%,0.29,0.24,0.309,0.382,0.691,0.142,3.5,0.31,-0.2,63,0.6,0.317,101
228,Charles Leblanc,TEX,A,21-21,217,8.80%,15.20%,0.58,0.262,0.327,0.359,0.686,0.097,4.1,0.294,0.5,25,0.3,0.318,101
229,Marino Campana,BOS,A,20-21,536,6.70%,27.20%,0.25,0.235,0.295,0.413,0.708,0.178,5.3,0.298,0.2,64,0.8,0.316,101
230,Logan Baldwin,SFG,A,22-22,474,5.90%,31.40%,0.19,0.249,0.31,0.389,0.699,0.14,8.1,0.367,1.2,56,0.4,0.315,101
231,Seamus Curran,BAL,A,20-21,821,9.90%,28.00%,0.35,0.223,0.302,0.387,0.689,0.164,2,0.279,-0.2,96,0.7,0.316,101
232,Connor Kaiser,PIT,A,21-22,412,13.30%,22.30%,0.6,0.219,0.333,0.335,0.668,0.117,3.8,0.272,-0.5,48,0.3,0.316,101
233,Quincy Nieporte,PHI,A,23-23,337,6.20%,12.80%,0.49,0.258,0.315,0.382,0.697,0.124,1.8,0.28,0,40,0.1,0.315,100
234,Jhonny Santos,MIA,A,20-21,427,9.10%,19.90%,0.46,0.247,0.321,0.374,0.695,0.127,6,0.298,0.9,50,0.3,0.316,100
235,Justin Yurchak,CHW,A,21-21,363,12.40%,14.60%,0.85,0.256,0.348,0.326,0.674,0.07,2.5,0.302,-0.8,43,0.1,0.315,100
236,Ricardo Valencia,TEX,A,24-24,286,7.30%,27.30%,0.27,0.259,0.316,0.376,0.692,0.118,1.7,0.343,-0.1,33,0,0.317,100
237,Ryan Ramiz,SEA,A,23-23,521,12.50%,26.90%,0.46,0.23,0.327,0.34,0.667,0.11,4.2,0.316,-0.1,60,0,0.315,100
238,Dalton Blaser,NYY,A,23-24,258,9.30%,15.50%,0.6,0.236,0.322,0.36,0.682,0.124,3.2,0.262,0,30,-0.1,0.315,100
239,Henri Lartigue,PHI,A,22-22,365,5.50%,23.80%,0.23,0.248,0.292,0.41,0.702,0.162,4.7,0.309,-0.1,42,0,0.316,100
240,Hayden Senger,NYM,A,22-22,353,7.10%,18.10%,0.39,0.23,0.324,0.345,0.669,0.115,1.8,0.275,-0.1,41,-0.1,0.314,100
241,Branden Becker,BAL,A,21-22,406,6.70%,20.00%,0.33,0.274,0.329,0.355,0.684,0.081,2,0.338,-0.2,47,-0.3,0.313,99
242,Hagen Owenby,ATL,A,22-23,307,6.20%,21.50%,0.29,0.283,0.332,0.35,0.682,0.067,2.8,0.359,0.2,35,-0.4,0.313,99
243,Collin Woody,BAL,A,22-22,482,4.10%,26.80%,0.16,0.226,0.313,0.362,0.675,0.136,5.1,0.303,0.2,55,-0.6,0.315,99
244,Gilbert Lara,WSN,A,21-21,343,6.40%,20.70%,0.31,0.248,0.298,0.382,0.681,0.135,3.7,0.293,-0.9,39,-0.4,0.313,99
245,Ismael Munguia,SFG,A,19-20,574,5.20%,11.00%,0.48,0.271,0.322,0.357,0.679,0.086,6.8,0.303,0.9,66,-0.9,0.314,99
246,Jacob Zanon,NYM,A,22-22,209,11.50%,20.60%,0.56,0.246,0.338,0.33,0.668,0.084,8.3,0.314,4.3,24,-0.3,0.315,99
247,Will Robertson,BAL,A,23-24,566,6.00%,20.30%,0.3,0.247,0.304,0.386,0.69,0.139,2.7,0.295,-0.8,65,-1.1,0.312,99
248,JC Encarnacion,BAL,A,20-21,968,4.50%,28.80%,0.16,0.257,0.295,0.398,0.693,0.141,5.8,0.346,0.1,111,-1.6,0.312,98
249,Cristian Pache,ATL,A,18-18,514,7.60%,20.20%,0.38,0.281,0.335,0.343,0.679,0.062,7.1,0.36,0.6,58,-0.9,0.314,98
250,Justin Connell,WSN,A,20-20,510,9.60%,14.70%,0.65,0.249,0.337,0.321,0.658,0.072,4.3,0.292,-1.5,58,-0.9,0.313,98
251,Johan Cruz,CHW,A,22-23,533,9.40%,18.80%,0.5,0.251,0.325,0.352,0.677,0.102,4,0.301,-0.2,61,-1.2,0.313,98
252,Raphael Gladu,NYM,A,23-23,283,5.70%,14.50%,0.39,0.275,0.323,0.366,0.689,0.092,6.6,0.321,0.4,33,-0.7,0.311,98
253,Jacob Heyward,SFG,A,21-21,412,10.20%,26.70%,0.38,0.223,0.317,0.351,0.668,0.128,2.4,0.292,-1.9,46,-1,0.313,98
254,Kurt Hoekstra,ATL,A,24-25,578,8.50%,20.20%,0.42,0.255,0.319,0.365,0.684,0.109,6.4,0.317,0.9,65,-1.3,0.313,98
255,Rubendy Jaquez,KCR,A,20-20,466,9.40%,21.90%,0.43,0.243,0.32,0.352,0.673,0.109,7.3,0.307,3.9,53,-1.1,0.312,98
256,Manny Olloque,KCR,A,21-22,593,6.20%,26.80%,0.23,0.247,0.3,0.389,0.689,0.142,5.5,0.323,0.5,67,-1.4,0.313,98
257,Hunter Stovall,COL,A,22-22,330,10.30%,13.30%,0.77,0.242,0.329,0.333,0.663,0.091,5.4,0.279,-1.3,37,-0.9,0.312,98
258,Angelo Castellano,KCR,A,22-22,496,10.30%,16.30%,0.63,0.245,0.327,0.342,0.668,0.097,5.4,0.282,-0.4,56,-1.3,0.313,98
259,Blake Rutherford,NYY,A,20-20,440,8.60%,17.30%,0.5,0.26,0.326,0.348,0.674,0.088,5.1,0.315,0.2,49,-1.2,0.313,98
260,Nick Hill,SFG,A,23-23,215,7.40%,36.70%,0.2,0.259,0.341,0.323,0.664,0.063,4.9,0.436,1.4,25,-0.6,0.311,98
261,Lucas Herbert,ATL,A,20-20,414,6.30%,17.90%,0.35,0.243,0.308,0.368,0.676,0.125,3.6,0.282,0.5,46,-1.1,0.313,98
262,Tucker Tubbs,BOS,A,24-24,417,9.60%,22.30%,0.43,0.233,0.317,0.358,0.674,0.125,3.5,0.294,-0.5,47,-1.2,0.313,98
263,Nick Hutchins,KCR,A,21-23,296,3.00%,24.70%,0.12,0.254,0.292,0.391,0.683,0.138,2.8,0.32,-0.5,33,-0.9,0.311,97
264,Gerson Molina,NYM,A,23-23,326,8.60%,32.50%,0.26,0.231,0.312,0.352,0.663,0.121,5.6,0.35,-0.9,37,-1.1,0.311,97
265,Sebastián Rivero,KCR,A,19-19,306,5.60%,19.30%,0.29,0.258,0.301,0.391,0.692,0.133,2.4,0.3,-0.4,35,-1,0.31,97
266,Donny Sands,NYY,A,21-21,314,6.70%,16.90%,0.4,0.269,0.323,0.35,0.672,0.08,2.2,0.321,-2.1,35,-1.3,0.311,96
267,Nick Banks,WSN,A,22-23,698,6.30%,19.30%,0.33,0.255,0.304,0.38,0.684,0.125,5.6,0.302,0.2,78,-2.9,0.31,96
268,Angel Aguilar,NYY,A,22-22,275,5.50%,16.70%,0.33,0.265,0.309,0.372,0.681,0.107,3.8,0.308,-0.9,30,-1.2,0.311,96
269,Manuel Melendez,COL,A,20-20,516,1.90%,16.30%,0.12,0.266,0.291,0.393,0.685,0.127,7.6,0.301,1.8,57,-2.2,0.311,96
270,Ryne Ogren,SEA,A,22-22,404,9.20%,21.30%,0.43,0.243,0.33,0.319,0.649,0.076,4.5,0.311,0.5,45,-1.9,0.309,96
271,Doran Turchin,BAL,A,21-21,371,11.60%,28.60%,0.41,0.207,0.316,0.338,0.654,0.131,5.9,0.286,-0.3,41,-1.7,0.309,96
272,Jake Scudder,WSN,A,23-23,345,7.20%,19.10%,0.38,0.244,0.307,0.373,0.68,0.129,2,0.285,-0.6,39,-1.6,0.308,96
273,Trae Arbet,PIT,A,22-22,349,3.70%,26.60%,0.14,0.232,0.287,0.393,0.68,0.161,5.6,0.297,-0.7,38,-1.6,0.31,96
274,Randy Ventura,ATL,A,19-19,413,5.80%,20.10%,0.29,0.294,0.338,0.325,0.664,0.031,5.4,0.372,0.8,45,-2,0.31,96
275,Welfrin Mateo,NYY,A,22-23,439,8.20%,20.30%,0.4,0.247,0.313,0.36,0.673,0.113,4.5,0.3,1.2,49,-2.2,0.309,96
276,Leody Taveras,TEX,A,18-18,577,8.10%,15.90%,0.51,0.249,0.312,0.36,0.672,0.111,6.8,0.287,1.4,63,-2.8,0.31,96
277,Aaron Knapp,MIA,A,22-23,598,13.00%,26.40%,0.49,0.229,0.337,0.316,0.653,0.087,7.1,0.318,1,66,-2.8,0.309,96
278,Craig Dedelow,CHW,A,22-23,561,5.70%,23.50%,0.24,0.24,0.29,0.401,0.691,0.161,4.4,0.298,-0.8,63,-2.8,0.308,96
279,Kirvin Moesquit,BAL,A,23-23,465,9.90%,20.00%,0.49,0.251,0.33,0.333,0.664,0.083,7.7,0.313,4.6,52,-2.4,0.308,96
280,Carlos Pérez,CHW,A,21-21,286,1.40%,10.80%,0.13,0.29,0.298,0.395,0.693,0.105,2.9,0.313,-0.4,32,-1.5,0.307,95
281,Anyesber Sivira,SFG,A,19-19,289,8.70%,19.00%,0.45,0.229,0.337,0.298,0.635,0.069,5.3,0.284,-0.3,32,-1.6,0.308,95
282,Manuel Geraldo,SFG,A,20-21,645,5.10%,24.00%,0.21,0.27,0.312,0.364,0.676,0.095,5.8,0.343,2.2,72,-3.4,0.307,95
283,Jordan Rodgers,ATL,A,22-22,249,4.40%,19.70%,0.22,0.257,0.306,0.365,0.672,0.109,3.4,0.317,-1.1,27,-1.4,0.309,95
284,Tanner Gardner,TEX,A,21-23,209,10.00%,23.40%,0.43,0.216,0.301,0.368,0.669,0.151,5.5,0.276,-0.7,23,-1.2,0.309,95
285,Dash Winningham,NYM,A,21-21,474,7.80%,21.90%,0.36,0.237,0.304,0.369,0.672,0.131,2.6,0.28,-0.4,52,-2.7,0.309,95
286,Jake Anchia,SEA,A,22-22,319,7.80%,33.50%,0.23,0.213,0.288,0.374,0.663,0.161,1.8,0.29,-0.1,35,-2,0.307,95
287,Orlando Garcia,SFG,A,22-23,609,10.80%,27.90%,0.39,0.229,0.329,0.326,0.655,0.097,4.3,0.317,-0.6,68,-3.7,0.306,95
288,Frainyer Chavez,TEX,A,20-20,415,9.90%,18.30%,0.54,0.255,0.332,0.315,0.647,0.06,5.7,0.317,0.1,45,-2.6,0.307,94
289,Nic Perkins,WSN,A,22-23,246,14.60%,24.00%,0.61,0.21,0.335,0.298,0.632,0.088,3.3,0.293,0,27,-1.7,0.306,94
290,Jeison Guzmán,KCR,A,19-20,726,5.90%,21.50%,0.28,0.249,0.301,0.366,0.667,0.117,6.4,0.313,-1.5,79,-5,0.306,94
291,Alan Marrero,BOS,A,20-21,247,12.60%,35.20%,0.36,0.2,0.304,0.344,0.648,0.144,1.3,0.298,-0.4,27,-1.7,0.306,94
292,Quinn Brodey,NYM,A,21-22,388,7.70%,27.60%,0.28,0.218,0.289,0.39,0.678,0.172,6.3,0.278,0.6,43,-2.7,0.305,94
293,Mitchell Gunsolus,BOS,A,24-24,431,16.00%,32.50%,0.49,0.205,0.347,0.286,0.633,0.081,4.6,0.33,1.2,46,-3,0.307,94
294,Jordan Wren,BOS,A,23-24,690,8.60%,28.70%,0.3,0.237,0.311,0.352,0.663,0.115,7.2,0.332,3.7,75,-4.9,0.305,94
295,Ronny Mauricio,NYM,A,18-18,504,4.60%,19.60%,0.23,0.268,0.307,0.357,0.665,0.089,4.9,0.33,-2.9,54,-3.9,0.305,93
296,Yeyson Yrizarri,TEX,A,20-20,283,1.80%,17.30%,0.1,0.264,0.287,0.39,0.678,0.126,3.7,0.303,-0.7,30,-2.2,0.306,93
297,Jhailyn Ortiz,PHI,A,19-19,454,7.70%,32.60%,0.24,0.225,0.297,0.375,0.673,0.151,3.8,0.313,-0.4,50,-3.7,0.304,93
298,Ashford Fulmer,SFG,A,24-24,287,9.80%,18.80%,0.52,0.236,0.326,0.32,0.646,0.084,6.2,0.296,1.3,31,-2.3,0.306,93
299,Anthony Concepcion,ATL,A,22-22,338,9.80%,23.10%,0.42,0.228,0.321,0.329,0.65,0.1,6.8,0.289,1.1,36,-2.7,0.306,93
300,Lenyn Sosa,CHW,A,19-19,536,5.00%,19.00%,0.26,0.251,0.292,0.371,0.663,0.12,4.5,0.301,-1.3,57,-4.4,0.304,93
301,Jean Carrillo,BAL,A,20-21,257,7.00%,20.60%,0.34,0.259,0.328,0.323,0.651,0.065,1.5,0.324,0,28,-2.2,0.303,93
302,Justin Jacobs,TEX,A,22-22,292,9.90%,27.40%,0.36,0.23,0.318,0.335,0.653,0.105,1.8,0.312,-0.6,32,-2.5,0.303,93
303,Joe Dudek,KCR,A,22-22,304,11.80%,30.60%,0.39,0.204,0.296,0.366,0.662,0.162,1.8,0.271,-0.1,32,-2.7,0.305,92
304,Jose Vizcaino Jr.,SFG,A,23-24,343,5.20%,25.70%,0.2,0.261,0.307,0.357,0.664,0.096,5.5,0.346,0.7,36,-3.1,0.304,92
305,Tim Tebow,NYM,A,29-29,244,9.80%,28.30%,0.35,0.22,0.311,0.336,0.648,0.117,3.3,0.308,-0.5,26,-2.3,0.304,92
306,Shea Langeliers,ATL,A,21-21,239,7.10%,23.00%,0.31,0.255,0.31,0.343,0.652,0.088,1.7,0.325,0,25,-2.3,0.302,92
307,Chris Hess,NYY,A,22-23,525,6.50%,25.70%,0.25,0.222,0.303,0.356,0.658,0.134,4.2,0.289,-0.8,56,-5.1,0.302,92
308,Chase Chambers,NYM,A,23-23,428,6.10%,22.20%,0.27,0.246,0.311,0.335,0.646,0.089,2.7,0.308,-0.5,45,-4.3,0.302,91
309,Miguel Aparicio,TEX,A,18-20,854,5.20%,19.90%,0.26,0.229,0.28,0.385,0.665,0.155,6.5,0.267,-1.5,90,-8.9,0.301,91
310,Jacob Gonzalez,SFG,A,20-21,1011,6.90%,18.50%,0.37,0.233,0.304,0.349,0.653,0.116,3.6,0.273,-0.7,107,-10.7,0.301,91
311,Tyler Ratliff,TEX,A,22-22,334,10.50%,26.00%,0.4,0.216,0.317,0.323,0.64,0.107,2.3,0.281,-0.2,36,-3.6,0.301,91
312,Luis Pintor,MIA,A,22-22,453,9.50%,14.10%,0.67,0.236,0.325,0.313,0.639,0.078,5.2,0.27,-0.4,47,-4.7,0.303,91
313,Carlos Martínez,ATL,A,22-23,261,8.00%,9.20%,0.88,0.27,0.342,0.292,0.634,0.021,2.2,0.3,-0.1,27,-2.8,0.302,91
314,Mikey Edie,SFG,A,21-21,302,5.00%,20.90%,0.24,0.244,0.312,0.325,0.637,0.081,6.1,0.311,-0.5,32,-3.3,0.301,91
315,Joel Diaz,COL,A,21-21,284,7.40%,15.80%,0.47,0.257,0.313,0.339,0.652,0.082,3.8,0.308,0.3,29,-3.1,0.302,90
316,Ben Breazeale,BAL,A,23-24,538,11.50%,21.20%,0.54,0.234,0.328,0.304,0.631,0.07,2.1,0.3,-0.8,57,-6,0.3,90
317,Ramon Marcelino,COL,A,21-21,448,2.70%,25.90%,0.1,0.221,0.249,0.431,0.68,0.21,4.6,0.25,-0.4,47,-5.2,0.299,90
318,Garrett Brown,PIT,A,24-24,212,4.20%,17.90%,0.24,0.275,0.314,0.337,0.651,0.062,7.4,0.338,1.3,22,-2.4,0.301,90
319,Gerrion Grim,BAL,A,23-23,392,4.60%,26.00%,0.18,0.223,0.265,0.399,0.665,0.177,3.2,0.259,-0.1,40,-4.5,0.301,90
320,Edgar Cabral,PHI,A,21-21,263,8.70%,14.80%,0.59,0.243,0.316,0.328,0.643,0.085,1.6,0.281,-0.1,27,-3.1,0.301,90
321,Luke Mangieri,PIT,A,21-22,234,10.30%,15.00%,0.69,0.217,0.306,0.33,0.636,0.113,3.5,0.236,-2.1,24,-2.8,0.299,90
322,Nick Horvath,BAL,A,22-22,443,12.00%,25.50%,0.47,0.2,0.313,0.312,0.625,0.112,5.7,0.264,0.1,46,-5.2,0.299,90
323,Cody Wilson,WSN,A,22-22,348,10.60%,27.60%,0.39,0.215,0.311,0.323,0.634,0.108,8.3,0.298,2.3,36,-4.2,0.299,90
324,Kameron Esthay,WSN,A,23-23,369,7.30%,34.10%,0.21,0.216,0.283,0.377,0.66,0.162,4.9,0.31,-1,39,-4.8,0.298,89
325,Nate Eaton,KCR,A,22-22,557,8.30%,20.80%,0.4,0.233,0.305,0.336,0.641,0.103,6,0.291,3.1,57,-7.1,0.298,89
326,Abrahan Gutierrez,PHI,A,19-19,322,8.70%,19.30%,0.45,0.246,0.314,0.318,0.632,0.073,2.4,0.296,0.1,33,-4.2,0.298,89
327,Ti'Quan Forbes,TEX,A,20-20,320,3.80%,23.80%,0.16,0.242,0.284,0.368,0.652,0.126,5.1,0.298,0.5,32,-4.2,0.299,89
328,Frandy De La Rosa,SFG,A,21-21,219,6.80%,30.10%,0.23,0.231,0.284,0.372,0.656,0.141,4.2,0.313,-1.3,22,-2.9,0.299,88
329,Cristian Perez,KCR,A,19-19,345,3.20%,12.50%,0.26,0.278,0.306,0.35,0.656,0.072,4.7,0.31,-0.8,36,-4.7,0.297,88
330,Isaias Lucena,BOS,A,22-23,398,7.80%,23.90%,0.33,0.241,0.305,0.336,0.641,0.095,1.9,0.307,-0.2,41,-5.7,0.297,88
331,Frankie Rios,BOS,A,23-23,310,9.00%,30.00%,0.3,0.226,0.319,0.311,0.63,0.085,5.4,0.341,-0.8,32,-4.4,0.296,88
332,Arden Pabst,PIT,A,22-22,258,7.00%,19.40%,0.36,0.242,0.299,0.346,0.646,0.104,1.6,0.289,-0.5,26,-3.6,0.298,88
333,Eric Wagaman,NYY,A,21-21,332,7.80%,26.20%,0.3,0.234,0.292,0.345,0.638,0.112,1.7,0.302,-1.7,34,-4.8,0.296,88
334,José Devers,MIA,A,18-18,362,4.10%,13.50%,0.31,0.273,0.313,0.332,0.645,0.059,6.6,0.318,0.2,37,-5.5,0.295,87
335,Austin Bush,ATL,A,21-22,277,5.10%,31.80%,0.16,0.228,0.285,0.366,0.651,0.138,1.2,0.317,0,28,-4.3,0.295,87
336,Blaine Prescott,TEX,A,21-21,405,5.40%,21.00%,0.26,0.235,0.29,0.354,0.644,0.119,4.8,0.279,-0.5,40,-6.2,0.296,87
337,Dan Rizzie,NYM,A,23-24,226,7.10%,18.10%,0.39,0.267,0.323,0.306,0.629,0.039,0.5,0.333,-0.1,22,-3.5,0.296,86
338,J.R. Davis,SEA,A,24-24,200,7.50%,17.50%,0.43,0.239,0.315,0.306,0.621,0.067,4,0.287,0.4,20,-3.2,0.294,86
339,Cole Daily,WSN,A,22-22,278,9.40%,16.90%,0.55,0.251,0.326,0.288,0.614,0.037,3.1,0.308,-2.1,28,-4.5,0.294,86
340,Raul Rivas,PHI,A,20-20,291,4.80%,18.60%,0.26,0.282,0.322,0.313,0.635,0.031,5,0.349,-0.1,29,-4.7,0.295,86
341,Aaron Bond,SFG,A,21-22,257,11.70%,37.40%,0.31,0.188,0.293,0.335,0.628,0.147,8.1,0.286,1.4,26,-4.3,0.294,86
342,Bryce Bush,CHW,A,19-19,288,9.40%,31.90%,0.29,0.201,0.285,0.346,0.631,0.146,6.3,0.288,0.4,28,-4.8,0.293,86
343,Philip Caulfield,WSN,A,23-24,219,5.90%,19.60%,0.3,0.228,0.288,0.354,0.643,0.127,4.4,0.271,-0.4,22,-3.8,0.294,85
344,Brendan Venter,ATL,A,21-22,492,6.50%,27.40%,0.24,0.204,0.293,0.336,0.629,0.131,1.7,0.266,0,48,-8.7,0.292,85
345,Ben Pelletier,PHI,A,20-20,411,7.50%,31.60%,0.24,0.197,0.275,0.35,0.625,0.154,3.5,0.263,-0.1,40,-7.2,0.292,85
346,Eduardo Torrealba,NYY,A,20-20,370,7.60%,20.30%,0.37,0.241,0.316,0.293,0.609,0.052,3.2,0.307,-1.1,36,-6.8,0.291,84
347,Reed Rohlman,KCR,A,24-24,515,6.00%,26.80%,0.22,0.244,0.293,0.335,0.629,0.092,4.8,0.331,0.3,50,-9.5,0.29,84
348,Daniel Brito,PHI,A,19-20,859,7.00%,18.50%,0.38,0.245,0.302,0.327,0.63,0.082,4.7,0.293,-0.8,83,-16,0.291,84
349,Franklin Rollin,TEX,A,21-22,365,3.80%,19.20%,0.2,0.24,0.28,0.36,0.64,0.12,8.1,0.284,0.3,35,-6.7,0.292,84
350,Kevin Mahala,PIT,A,22-22,363,9.60%,25.90%,0.37,0.23,0.311,0.309,0.62,0.079,3.5,0.309,-0.3,35,-6.9,0.291,83
351,Michael Hickman,CHW,A,21-22,543,5.70%,28.20%,0.2,0.228,0.284,0.345,0.629,0.118,2.4,0.309,-1.2,53,-10.5,0.289,83
352,Diego A. Castillo,NYY,A,19-19,510,6.10%,10.00%,0.61,0.263,0.31,0.315,0.625,0.052,5.1,0.293,-0.4,49,-9.8,0.291,83
353,Dalton Guthrie,PHI,A,22-22,347,6.10%,16.10%,0.38,0.241,0.296,0.342,0.638,0.101,3.2,0.273,-1.8,34,-6.9,0.289,83
354,Brandon Van Horn,SFG,A,23-23,305,4.90%,22.30%,0.22,0.262,0.298,0.333,0.631,0.071,3.8,0.33,-0.7,29,-6,0.29,83
355,Marcos Rivera,MIA,A,21-21,426,5.90%,33.30%,0.18,0.232,0.277,0.365,0.641,0.133,3.6,0.325,0,41,-8.7,0.288,83
356,Everlouis Lozada,BOS,A,19-20,665,7.20%,24.20%,0.3,0.235,0.298,0.323,0.621,0.089,3.4,0.308,-1.8,64,-13.5,0.288,83
357,Jose Miguel Medina,NYM,A,20-22,318,8.20%,21.10%,0.39,0.232,0.3,0.319,0.619,0.088,4.4,0.282,-0.3,30,-6.3,0.289,83
358,Garvis Lara,MIA,A,21-22,353,6.80%,26.30%,0.26,0.22,0.282,0.352,0.635,0.132,6.8,0.291,0.4,34,-7.3,0.288,82
359,Josh Stephen,PHI,A,20-20,337,5.60%,21.10%,0.27,0.242,0.288,0.347,0.635,0.105,4.4,0.299,0.4,33,-7,0.288,82
360,Anderson Franco,WSN,A,19-20,716,9.20%,20.30%,0.46,0.214,0.286,0.344,0.631,0.131,3.8,0.25,0.1,68,-14.6,0.289,82
361,Zach Remillard,CHW,A,23-23,529,3.60%,23.40%,0.15,0.246,0.281,0.353,0.634,0.107,3.8,0.312,-0.6,50,-10.8,0.289,82
362,Carlos Duran,PHI,A,22-22,220,7.30%,21.40%,0.34,0.23,0.291,0.332,0.623,0.102,5.9,0.297,-2.1,21,-4.7,0.289,82
363,Jonathan Guzmán,PHI,A,19-19,514,6.20%,18.90%,0.33,0.251,0.298,0.316,0.614,0.065,5.9,0.308,1.7,48,-11,0.287,82
364,Ryan Peurifoy,PIT,A,23-23,275,10.50%,24.00%,0.44,0.197,0.294,0.326,0.62,0.13,5.5,0.259,-0.8,26,-6,0.286,81
365,Shervyen Newton,NYM,A,20-20,423,8.70%,32.90%,0.27,0.209,0.283,0.33,0.613,0.12,3,0.303,-1.5,40,-9.3,0.286,81
366,J.C. Millan,MIA,A,21-22,207,8.20%,21.30%,0.39,0.228,0.291,0.328,0.619,0.101,3.8,0.282,0,19,-4.5,0.287,81
367,Símon Muzziotti,PHI,A,19-19,299,4.70%,13.40%,0.35,0.263,0.299,0.331,0.63,0.068,6.7,0.303,2,28,-6.7,0.285,81
368,Luis Carpio,NYM,A,19-19,535,9.90%,17.80%,0.56,0.232,0.308,0.302,0.61,0.07,5.2,0.28,1.2,50,-11.7,0.288,81
369,Armond Upshaw,WSN,A,22-23,658,9.70%,29.60%,0.33,0.227,0.31,0.295,0.605,0.068,6.9,0.334,2.7,62,-14.8,0.285,81
370,Yasel Antuna,WSN,A,18-18,362,8.80%,21.80%,0.41,0.22,0.293,0.331,0.624,0.111,5.2,0.269,-1.2,34,-8.2,0.285,81
371,Gene Cone,NYM,A,22-22,370,13.00%,18.90%,0.69,0.219,0.323,0.273,0.596,0.054,5.1,0.278,-0.1,34,-8.3,0.287,80
372,Shane Matheny,SFG,A,22-23,753,10.40%,29.30%,0.35,0.209,0.298,0.311,0.609,0.102,3.5,0.288,-1.5,70,-17.3,0.285,80
373,Michael Gretler,PIT,A,23-23,316,10.10%,25.60%,0.4,0.214,0.299,0.304,0.604,0.091,4.3,0.291,0.5,29,-7.2,0.285,80
374,Jose Antequera,PHI,A,21-22,295,7.80%,17.60%,0.44,0.237,0.31,0.301,0.611,0.064,2.5,0.284,-2.1,28,-6.8,0.285,80
375,Mickey Moniak,PHI,A,19-19,509,5.50%,21.60%,0.25,0.236,0.284,0.341,0.625,0.105,5.9,0.293,-0.8,46,-11.9,0.286,80
376,Daniel Montano,COL,A,20-20,504,6.90%,23.60%,0.29,0.218,0.274,0.344,0.618,0.126,6.3,0.276,0.5,46,-11.9,0.284,80
377,Mitch Roman,CHW,A,22-22,564,5.50%,21.30%,0.26,0.254,0.305,0.306,0.611,0.052,3.9,0.325,-0.6,51,-13.3,0.285,79
378,Micah Brown,MIA,A,21-22,334,6.60%,30.50%,0.22,0.217,0.285,0.331,0.616,0.114,6,0.306,1,31,-8.1,0.283,79
379,Ali Sánchez,NYM,A,20-21,405,5.70%,12.10%,0.47,0.245,0.29,0.328,0.618,0.083,3.3,0.269,-1.1,37,-9.8,0.284,79
380,Jeffry Parra,SFG,A,20-21,454,10.10%,29.50%,0.34,0.177,0.283,0.316,0.599,0.139,1.8,0.233,0.2,42,-11.2,0.282,79
381,Eric Jenkins,TEX,A,20-21,391,6.90%,29.20%,0.24,0.231,0.285,0.334,0.62,0.103,8.7,0.325,3.9,36,-9.6,0.283,78
382,Thomas Jones,MIA,A,20-20,440,5.70%,31.80%,0.18,0.222,0.277,0.343,0.621,0.121,6.8,0.313,0.8,40,-11.2,0.281,78
383,Austin Bernard,COL,A,22-22,215,9.80%,27.00%,0.36,0.185,0.286,0.315,0.601,0.13,4.5,0.24,-0.6,20,-5.6,0.281,78
384,Jose Bermudez,ATL,A,20-21,305,6.90%,32.50%,0.21,0.236,0.3,0.293,0.594,0.058,6.5,0.362,0.5,27,-7.9,0.281,78
385,Jeremy Fernandez,ATL,A,21-21,298,1.70%,21.80%,0.08,0.252,0.272,0.341,0.613,0.09,6.8,0.321,0.1,27,-7.8,0.28,77
386,Alejandro Juvier,BAL,A,21-21,428,5.60%,26.60%,0.21,0.241,0.291,0.315,0.606,0.074,4.7,0.326,1.1,38,-11.2,0.282,77
387,Brian Sharp,NYM,A,22-22,457,9.00%,36.80%,0.24,0.2,0.272,0.334,0.606,0.134,6.2,0.305,0.7,41,-12.1,0.28,77
388,Rob Calabrese,SFG,A,22-22,227,8.40%,29.50%,0.28,0.193,0.283,0.32,0.603,0.127,5.8,0.258,0.2,20,-6.2,0.279,77
389,Yerwin Trejo,PHI,A,22-22,241,6.20%,24.10%,0.26,0.252,0.297,0.297,0.594,0.045,7.1,0.333,2.9,21,-6.6,0.278,76
390,Jay Jabs,NYM,A,22-23,480,8.30%,28.30%,0.29,0.196,0.269,0.336,0.606,0.141,5.7,0.262,0.7,42,-13.4,0.28,76
391,Marten Gasparini,KCR,A,20-21,829,6.00%,29.00%,0.21,0.224,0.274,0.336,0.61,0.112,6,0.309,-1,73,-23.4,0.279,76
392,Gregori Rivero,PHI,A,21-22,284,2.80%,21.80%,0.13,0.237,0.264,0.356,0.62,0.119,3.8,0.29,-0.8,25,-8.1,0.278,76
393,Carlos De La Cruz,PHI,A,19-19,461,5.90%,34.50%,0.17,0.22,0.271,0.327,0.598,0.107,4.6,0.33,-1.5,40,-13,0.277,75
394,Marcus Mooney,ATL,A,23-23,474,4.40%,11.40%,0.39,0.238,0.31,0.274,0.585,0.036,4.9,0.27,-0.6,41,-13.4,0.279,75
395,Grant Koch,PIT,A,22-22,374,8.60%,16.00%,0.53,0.202,0.273,0.318,0.591,0.116,2.3,0.221,-0.3,32,-10.7,0.277,75
396,Ryan Ripken,BAL,A,24-24,421,4.80%,18.30%,0.26,0.244,0.281,0.327,0.608,0.083,1.3,0.286,0,37,-12.3,0.277,75
397,Max Burt,NYY,A,22-22,279,3.20%,25.80%,0.13,0.22,0.27,0.325,0.595,0.106,4.9,0.272,-0.7,24,-8.1,0.277,75
398,Leonardo Molina,NYY,A,19-20,542,4.60%,23.60%,0.2,0.24,0.277,0.331,0.609,0.091,5.2,0.314,-2.4,47,-16.4,0.275,74
399,Oswaldo Cabrera,NYY,A,18-19,879,6.10%,12.70%,0.48,0.234,0.283,0.318,0.6,0.083,3.2,0.258,-1.7,76,-26.7,0.276,74
400,Wilkerman Garcia,NYY,A,20-21,606,6.10%,20.60%,0.3,0.225,0.276,0.327,0.603,0.102,5.5,0.273,0.6,52,-19.1,0.274,73
401,Ricardo Rodriguez,ATL,A,21-21,264,5.70%,18.90%,0.3,0.238,0.293,0.288,0.58,0.05,3.1,0.295,0.2,22,-8.2,0.274,73
402,Israel Pineda,WSN,A,19-19,411,7.30%,24.80%,0.29,0.217,0.278,0.305,0.583,0.088,2.5,0.276,-0.7,35,-12.8,0.274,73
403,Tyler Dearden,BOS,A,20-20,232,6.90%,34.50%,0.2,0.202,0.269,0.313,0.581,0.111,3.1,0.306,0,19,-7.4,0.273,72
404,Robbie Perkins,COL,A,23-24,202,4.00%,26.20%,0.15,0.211,0.25,0.353,0.603,0.142,3.5,0.26,-0.4,17,-6.5,0.273,72
405,Evan Skoug,CHW,A,21-23,462,11.50%,31.00%,0.37,0.183,0.281,0.3,0.581,0.118,6,0.256,1,39,-15,0.273,72
406,Frederick Cuevas,NYY,A,20-21,483,6.40%,24.20%,0.26,0.223,0.278,0.31,0.588,0.087,4.7,0.298,0.4,40,-15.7,0.272,72
407,Kevin Josephina,ATL,A,20-21,501,5.40%,20.40%,0.26,0.242,0.285,0.308,0.593,0.066,6.3,0.305,-0.3,41,-16.4,0.273,71
408,Edgardo Fermin,NYM,A,20-20,471,5.90%,22.90%,0.26,0.21,0.261,0.343,0.603,0.133,6.7,0.256,-1.4,39,-15.9,0.271,71
409,Carlos Herrera,COL,A,20-20,282,5.00%,16.30%,0.3,0.223,0.27,0.32,0.59,0.098,7,0.256,0.9,23,-9.3,0.273,71
410,Kervin Suarez,BOS,A,19-20,753,5.20%,34.30%,0.15,0.219,0.265,0.33,0.595,0.111,7.5,0.333,-0.2,63,-25.4,0.271,71
411,David Martinelli,PHI,A,22-22,327,6.40%,28.10%,0.23,0.209,0.261,0.331,0.592,0.123,4.9,0.277,0.3,26,-11,0.272,71
412,Ben Bengtson,PIT,A,22-22,269,5.20%,26.40%,0.2,0.22,0.266,0.329,0.595,0.11,5.4,0.286,0.4,22,-9.5,0.269,70
413,Amado Nunez,CHW,A,21-21,325,5.80%,32.30%,0.18,0.206,0.256,0.326,0.582,0.12,5.7,0.284,0.6,26,-11.2,0.269,70
414,Grant Massey,CHW,A,24-24,357,3.40%,19.90%,0.17,0.245,0.279,0.306,0.585,0.061,4.5,0.308,-0.7,28,-12.6,0.27,69
415,Kyle Watson,PIT,A,22-22,341,11.40%,35.20%,0.33,0.188,0.285,0.283,0.568,0.096,7,0.297,1.6,28,-12.4,0.267,69
416,Alexis Torres,BAL,A,19-21,266,7.50%,30.10%,0.25,0.207,0.267,0.301,0.568,0.093,4.2,0.307,0,21,-10.1,0.265,67
417,Daniel Fajardo,BAL,A,22-24,411,2.70%,13.90%,0.19,0.247,0.269,0.305,0.574,0.058,2.7,0.284,-0.1,31,-15.9,0.265,66
418,Samuel Miranda,BOS,A,20-21,239,3.80%,20.90%,0.18,0.217,0.267,0.303,0.57,0.086,2.1,0.268,-0.4,19,-9.5,0.263,66
419,Chandler Avant,NYM,A,23-23,294,6.10%,14.60%,0.42,0.205,0.268,0.288,0.556,0.083,4,0.234,-0.7,22,-11.5,0.263,66
420,Tre Vickers,WSN,A,23-23,307,6.20%,17.60%,0.35,0.204,0.272,0.281,0.553,0.077,2.2,0.243,-0.7,23,-12,0.263,66
421,Milton Ramos,BAL,A,21-21,386,4.70%,22.00%,0.21,0.233,0.273,0.299,0.573,0.066,5.9,0.297,1.7,29,-15.2,0.264,66
422,Giovanny Alfonzo,NYM,A,25-25,277,6.90%,17.00%,0.4,0.215,0.274,0.295,0.569,0.08,3.4,0.255,-1.8,21,-11.2,0.262,66
423,Luis Curbelo,CHW,A,20-21,599,5.20%,32.10%,0.16,0.208,0.254,0.316,0.57,0.108,3.1,0.298,-0.8,45,-24.8,0.26,64
424,Andres Angulo,SFG,A,21-21,272,5.10%,24.60%,0.21,0.21,0.26,0.294,0.554,0.083,3,0.275,-0.2,20,-11.4,0.26,64
425,Shael Mendoza,COL,A,21-22,284,3.20%,24.60%,0.13,0.24,0.266,0.303,0.57,0.064,6.2,0.316,-1,21,-12.1,0.259,64
426,Jackson Lueck,KCR,A,22-22,362,12.20%,36.50%,0.33,0.172,0.282,0.246,0.528,0.074,3.8,0.286,-0.7,26,-15.5,0.258,63
427,Walker Olis,MIA,A,23-23,246,7.70%,25.20%,0.31,0.191,0.257,0.295,0.553,0.105,5,0.245,-0.1,17,-10.8,0.259,62
428,Carlos Tovar,BOS,A,21-21,301,4.70%,22.90%,0.2,0.215,0.26,0.301,0.561,0.086,5.8,0.279,-3.9,21,-13.2,0.258,62
429,Charlie McConnell,SEA,A,23-23,434,7.10%,29.30%,0.24,0.2,0.26,0.284,0.543,0.084,6.6,0.284,2.1,31,-19.5,0.255,61
430,Frank Crinella,BAL,A,23-24,367,6.00%,26.40%,0.23,0.204,0.264,0.281,0.545,0.077,6.4,0.282,-0.9,25,-17,0.255,60
431,Andrew Moritz,ATL,A,22-22,217,4.10%,15.20%,0.27,0.231,0.271,0.266,0.537,0.035,6.2,0.272,1.2,15,-10.2,0.252,59
432,Ricky Aracena,KCR,A,19-21,471,4.70%,21.00%,0.22,0.229,0.27,0.278,0.549,0.05,5,0.287,-0.4,33,-22.2,0.253,59
433,Ramon Beltre,CHW,A,21-22,569,2.60%,27.40%,0.1,0.213,0.239,0.314,0.552,0.101,6,0.288,0.3,39,-27.1,0.252,59
434,Walter Rasquin,NYM,A,22-23,315,5.70%,21.30%,0.27,0.187,0.252,0.282,0.534,0.095,7.7,0.23,1.4,21,-15,0.251,59
435,Zack Kone,PIT,A,22-22,303,9.90%,31.00%,0.32,0.186,0.271,0.249,0.52,0.063,4.4,0.274,0.1,20,-14.5,0.251,58
436,Jose Layer,SFG,A,22-22,340,4.40%,24.70%,0.18,0.213,0.255,0.279,0.534,0.066,4.2,0.277,-0.1,23,-16.5,0.251,58
437,Nick Rodriguez,SEA,A,23-23,286,5.90%,25.50%,0.23,0.186,0.245,0.289,0.534,0.103,1.2,0.239,-0.4,19,-14,0.25,58
438,Luke Williams,PHI,A,20-20,442,6.30%,18.80%,0.34,0.216,0.269,0.264,0.533,0.047,5.9,0.268,4.9,29,-21.9,0.251,57
439,Justin Twine,MIA,A,21-21,276,6.50%,27.50%,0.24,0.185,0.251,0.286,0.537,0.101,6.3,0.249,-0.3,18,-13.8,0.25,56
440,Derian Cruz,ATL,A,18-20,647,3.90%,26.90%,0.14,0.208,0.252,0.288,0.54,0.08,5.7,0.284,-2.7,42,-33.1,0.248,56
441,Luis García,PHI,A,18-18,524,8.40%,25.20%,0.33,0.186,0.261,0.255,0.516,0.069,4.1,0.247,-1.5,33,-27.2,0.246,55
442,Paul Panaccione,WSN,A,23-24,256,9.40%,27.30%,0.34,0.179,0.264,0.25,0.514,0.071,3.9,0.24,-0.2,16,-13.7,0.246,54
443,Cole Brannen,BOS,A,19-20,639,8.90%,26.80%,0.33,0.193,0.27,0.237,0.507,0.044,6.6,0.272,2.9,40,-34.1,0.244,54
444,Angelo La Bruna,WSN,A,25-25,272,5.10%,19.90%,0.26,0.218,0.257,0.274,0.531,0.056,4.2,0.274,-0.5,17,-14.5,0.246,53
445,Jose Almonte,TEX,A,20-22,458,5.00%,29.70%,0.17,0.173,0.232,0.29,0.522,0.116,4.9,0.23,-0.1,28,-24.9,0.244,53
446,Arnaldo Berrios,NYM,A,21-21,221,6.30%,32.60%,0.19,0.193,0.248,0.277,0.525,0.084,5.7,0.292,-0.5,13,-12,0.245,53
447,Jagger Rusconi,BOS,A,20-21,307,2.60%,30.00%,0.09,0.205,0.233,0.3,0.533,0.096,5.7,0.279,-0.6,18,-17.1,0.242,52
448,Nico Giarratano,SFG,A,24-24,221,9.00%,32.60%,0.28,0.18,0.266,0.222,0.488,0.041,2.3,0.285,-0.8,13,-12.6,0.239,51
449,Michael Hernandez,MIA,A,23-23,231,6.50%,38.10%,0.17,0.176,0.236,0.281,0.517,0.105,2.2,0.275,-0.4,13,-13.7,0.238,49
450,Juan Pascal,WSN,A,20-21,211,8.10%,21.80%,0.37,0.184,0.266,0.216,0.482,0.032,5.3,0.243,0.6,12,-13,0.234,47
451,Eduardo Navas,NYY,A,21-23,584,5.80%,27.70%,0.21,0.182,0.251,0.24,0.491,0.058,1.8,0.252,-0.1,32,-35.9,0.234,47
452,Jonathan Ortega,BOS,A,22-22,214,7.50%,26.60%,0.28,0.172,0.234,0.245,0.479,0.073,3.7,0.231,-0.2,11,-14,0.228,43
453,Rigoberto Terrazas,NYM,A,22-22,327,9.20%,17.70%,0.52,0.176,0.252,0.207,0.458,0.031,1.9,0.218,0,15,-23.7,0.221,38
454,Carlos Paraguate,ATL,A,18-18,262,5.00%,34.70%,0.14,0.166,0.212,0.212,0.423,0.046,3.5,0.26,-0.4,8,-22.5,0.201,26