#,Name,Team,PA,BB%,K%,BB/K,AVG,OBP,SLG,OPS,ISO,Spd,BABIP,UBR,wGDP,XBR,wSB,wRC,wRAA,wOBA,wRC+
1,Mike Trout,LAA,2963,16.40%,22.70%,0.72,0.294,0.42,0.612,1.032,0.318,5.2,0.327,6,8.5,4.7,6,625,267.4,0.425,174
2,Aaron Judge,NYY,3524,15.60%,28.30%,0.55,0.284,0.399,0.593,0.993,0.309,3.7,0.341,4.4,1.8,-2.6,-1.1,705,281.8,0.413,167
3,Yordan Alvarez,HOU,2668,11.90%,20.00%,0.6,0.298,0.39,0.583,0.973,0.285,2.8,0.322,-2.8,-1.4,-8.2,-2.5,521,202.4,0.406,166
4,Juan Soto,3 Tms,4088,18.80%,17.00%,1.1,0.285,0.421,0.532,0.953,0.248,4.2,0.305,-6.9,-1.4,-5.7,-4.1,790,299.8,0.404,158
5,J.D. Martinez,3 Tms,1795,10.80%,23.00%,0.47,0.313,0.388,0.619,1.007,0.306,3.9,0.35,-8.3,-7.1,-4.8,1,360,142.4,0.413,158
6,Shohei Ohtani,2 Tms,3602,12.00%,25.50%,0.47,0.282,0.371,0.575,0.945,0.293,6.6,0.327,0.9,8.7,7.2,9.6,662,231.5,0.393,153
7,Bryce Harper,2 Tms,4315,15.00%,22.40%,0.67,0.283,0.394,0.535,0.929,0.252,4.2,0.328,-13.5,1.5,-6.5,1.6,780,260.6,0.389,144
8,Matt Wallner,MIN,580,10.00%,34.50%,0.29,0.251,0.366,0.5,0.866,0.249,4.2,0.359,1,1.4,0.7,-0.3,97,28.2,0.373,144
9,Mookie Betts,2 Tms,4676,12.00%,14.20%,0.84,0.29,0.379,0.532,0.912,0.242,5.8,0.299,17.4,5.6,14.6,10.7,829,266.6,0.385,144
10,Freddie Freeman,ATL,2870,12.50%,17.40%,0.72,0.306,0.399,0.542,0.94,0.236,4.3,0.336,4.5,1.6,0.3,-1.2,531,181.2,0.393,143
11,Giancarlo Stanton,2 Tms,2142,11.40%,27.20%,0.42,0.273,0.361,0.549,0.91,0.276,2.2,0.319,-6.9,-2.9,-8.2,-1.1,371,113,0.38,142
12,Ronald Acuña Jr.,ATL,3254,11.30%,22.10%,0.51,0.289,0.379,0.525,0.904,0.236,6.6,0.334,15.8,0.4,13.5,14.8,576,183.8,0.384,141
13,Anthony Rendon,2 Tms,2329,12.30%,13.80%,0.89,0.3,0.392,0.532,0.923,0.232,3.5,0.313,6.3,0.1,1.6,-0.5,420,136.2,0.387,140
14,Zack Cozart,CIN,507,12.20%,15.40%,0.79,0.297,0.385,0.548,0.933,0.251,5.3,0.312,-2.7,1,-0.5,0.2,92,30.5,0.392,139
15,Gunnar Henderson,BAL,1473,10.20%,23.90%,0.43,0.268,0.346,0.504,0.85,0.236,6.6,0.315,4.9,1.5,9,0.5,234,58.9,0.363,139
16,Kyle Tucker,HOU,2561,10.80%,16.00%,0.67,0.274,0.353,0.516,0.87,0.242,6,0.284,5.2,1.8,4.7,10.2,417,111,0.367,139
17,Fernando Tatis Jr.,SDP,2248,9.10%,25.00%,0.36,0.279,0.35,0.533,0.883,0.254,6.1,0.326,9.3,1.4,5,7.1,379,105,0.372,138
18,George Springer,2 Tms,2369,10.80%,19.50%,0.55,0.276,0.362,0.521,0.883,0.245,4.1,0.295,4.4,-2.5,3.1,-3.9,399,110.6,0.373,138
19,José Ramírez,CLE,4833,10.50%,12.20%,0.86,0.28,0.358,0.53,0.888,0.25,6.2,0.275,14.1,12.8,16.5,18.1,796,216.5,0.37,137
20,Vladimir Guerrero Jr.,TOR,3540,9.90%,15.60%,0.63,0.288,0.363,0.5,0.863,0.213,3,0.304,-13.3,-7.8,-10,-4.8,578,152.9,0.367,137
21,Kerry Carpenter,DET,868,6.90%,25.60%,0.27,0.276,0.338,0.512,0.85,0.236,4.5,0.33,-2.9,0.9,-0.6,-1.1,136,33,0.361,136
22,Alex Bregman,HOU,4615,12.20%,12.90%,0.94,0.273,0.368,0.483,0.851,0.21,3.9,0.278,-3.4,-3.6,-2.4,-3.1,741,187.1,0.364,136
23,Jose Altuve,HOU,2697,8.80%,13.90%,0.63,0.302,0.368,0.496,0.864,0.194,5,0.321,8.9,-3.9,8.9,1.5,441,112.8,0.367,135
24,Brent Rooker,4 Tms,1410,8.90%,30.90%,0.29,0.258,0.337,0.5,0.836,0.242,3.8,0.327,0.7,0.7,1.3,-0.5,218,49.2,0.357,135
25,Paul Goldschmidt,2 Tms,2037,12.90%,23.90%,0.54,0.282,0.379,0.523,0.902,0.241,4.4,0.334,4.2,4.7,0,0.1,350,102.2,0.378,135
26,Corey Seager,2 Tms,3642,9.50%,17.50%,0.55,0.286,0.357,0.51,0.868,0.224,2.9,0.307,3.4,-1.3,-0.8,-3.4,590,151.8,0.366,134
27,Matt Olson,2 Tms,4445,11.60%,23.80%,0.49,0.255,0.349,0.514,0.862,0.258,2.2,0.283,-2.6,0.6,-10.7,-4,711,179,0.364,133
28,Tommy Pham,2 Tms,1754,12.50%,21.70%,0.58,0.284,0.381,0.475,0.856,0.191,5.9,0.339,8.3,-4.5,4.5,4.2,285,71.4,0.367,133
29,Yandy Díaz,2 Tms,2483,12.20%,14.90%,0.81,0.29,0.381,0.438,0.819,0.148,2.7,0.326,-7.2,-6.1,-9.1,-4.6,383,83.8,0.357,132
30,Christian Yelich,2 Tms,3951,12.90%,22.30%,0.58,0.282,0.38,0.483,0.862,0.201,6,0.339,18,1,16.7,13.6,646,170.5,0.368,131
31,Pete Alonso,NYM,3607,9.90%,22.80%,0.44,0.249,0.339,0.514,0.854,0.266,3.1,0.262,-11.4,-0.5,-8.8,-1.4,564,130.3,0.358,131
32,Max Muncy,LAD,2475,15.40%,24.30%,0.63,0.235,0.361,0.489,0.85,0.254,3.6,0.258,3.5,8.6,0.1,-0.4,395,97.4,0.362,130
33,Charlie Blackmon,COL,1421,8.70%,18.90%,0.46,0.311,0.379,0.552,0.931,0.241,6.6,0.35,4.2,0.8,3.9,-1.6,257,87.3,0.391,130
34,Jackson Merrill,SDP,593,4.90%,17.00%,0.29,0.292,0.326,0.5,0.826,0.208,6.1,0.318,-0.2,0.4,2.8,1,89,19.7,0.352,130
35,Julio Rodríguez,SEA,1887,6.60%,25.20%,0.26,0.277,0.334,0.467,0.801,0.19,5.7,0.339,5.4,1.5,5.7,5.1,270,47.5,0.344,130
36,Brandon Nimmo,NYM,3633,12.90%,22.40%,0.58,0.261,0.372,0.441,0.813,0.18,5.1,0.321,2.1,3.5,8.9,-3.8,555,121.5,0.355,129
37,Seiya Suzuki,CHC,1614,10.20%,24.80%,0.41,0.278,0.354,0.47,0.824,0.192,5.1,0.347,-1.9,1.3,0.8,-4,244,53.8,0.354,129
38,Royce Lewis,MIN,605,8.10%,22.10%,0.37,0.268,0.327,0.497,0.825,0.23,3.2,0.295,0.2,-0.5,-1.2,-0.3,90,18.6,0.351,128
39,José Abreu,CHW,1228,5.90%,18.60%,0.32,0.287,0.341,0.517,0.858,0.23,4,0.314,-0.4,-3.4,-3.1,0.3,189,42.1,0.359,128
40,Bobby Witt Jr.,KCR,2035,6.20%,17.80%,0.35,0.288,0.336,0.505,0.841,0.217,7.6,0.316,9.2,0.7,14.4,4.9,312,71.8,0.356,128
41,Nolan Arenado,2 Tms,3489,9.00%,14.60%,0.62,0.291,0.356,0.545,0.901,0.254,3.3,0.293,6.6,-3.2,0.1,-3,590,170.1,0.375,127
42,Justin Smoak,TOR,1231,12.70%,23.10%,0.55,0.256,0.353,0.495,0.847,0.238,1.4,0.29,-8.8,0,-8.3,-1.6,191,43.6,0.36,127
43,Carlos Correa,2 Tms,3668,10.70%,20.60%,0.52,0.275,0.354,0.471,0.825,0.196,2.5,0.314,0.2,-10.9,-2.9,-3.7,552,111.7,0.352,127
44,Anthony Rizzo,2 Tms,2788,11.20%,13.70%,0.82,0.27,0.377,0.479,0.855,0.209,3.8,0.276,-14.8,-1.3,-15,-1.5,447,108.2,0.364,127
45,William Contreras,2 Tms,1861,10.70%,22.90%,0.47,0.277,0.358,0.465,0.822,0.188,4,0.335,-5,-2.8,-8.6,-1.1,284,63.3,0.355,126
46,Brandon Lowe,TBR,2441,10.00%,27.40%,0.37,0.245,0.33,0.482,0.812,0.237,5,0.293,9.4,4.9,5.4,2.1,357,62.4,0.346,126
47,Triston Casas,BOS,840,14.20%,26.90%,0.53,0.25,0.357,0.473,0.83,0.223,2.2,0.304,-2.7,0.3,-3.4,-1.8,130,29.2,0.357,125
48,Rafael Devers,BOS,4215,8.50%,21.20%,0.4,0.279,0.345,0.511,0.856,0.231,3.8,0.316,7.4,-1.9,-0.4,-5.4,659,152.3,0.359,125
49,Manny Machado,3 Tms,4842,8.90%,17.60%,0.51,0.276,0.34,0.495,0.835,0.219,3.8,0.292,-2.7,-7.1,-5.9,0.7,724,142.1,0.351,125
50,Ketel Marte,ARI,3823,9.50%,15.70%,0.61,0.283,0.355,0.49,0.845,0.207,5.2,0.306,0.6,-1.4,6.1,0.7,597,138.1,0.359,124
51,Austin Riley,ATL,3042,7.80%,25.70%,0.3,0.272,0.338,0.502,0.84,0.23,2.9,0.324,-0.2,0.1,1.5,-4.4,468,103.6,0.357,124
52,Mitch Haniger,SEA,2314,8.90%,24.00%,0.37,0.263,0.337,0.48,0.817,0.217,4.3,0.307,-4.6,0.7,-2.2,-0.5,337,60.1,0.347,124
53,Matt Carpenter,STL,622,17.50%,20.10%,0.87,0.241,0.384,0.451,0.835,0.209,3.1,0.274,-0.8,1.7,-2.2,-0.5,97,20.9,0.361,124
54,Will Smith,LAD,2510,10.60%,18.50%,0.57,0.258,0.35,0.472,0.822,0.214,3.5,0.275,-6.6,3.3,-4.7,-1.8,376,76.2,0.351,124
55,Randy Arozarena,3 Tms,2650,9.90%,25.50%,0.39,0.254,0.346,0.436,0.782,0.182,5.6,0.318,-1.5,0.5,1.7,-1.6,374,59.2,0.341,124
56,Luke Voit,4 Tms,1838,10.20%,28.50%,0.36,0.254,0.342,0.476,0.818,0.222,1.9,0.314,-7.8,-2.4,-9.1,-1.6,275,53.3,0.35,124
57,David Fry,CLE,505,9.90%,22.60%,0.44,0.257,0.348,0.44,0.788,0.183,3.7,0.305,0.3,0.3,-1.2,-0.2,72,12,0.341,124
58,Kris Bryant,3 Tms,3005,11.20%,21.60%,0.52,0.272,0.369,0.478,0.847,0.206,4.1,0.32,10.9,4,8.6,-2.6,478,113,0.362,124
59,Mark Canha,OAK,1338,10.80%,22.80%,0.48,0.251,0.355,0.457,0.812,0.205,4.2,0.295,0.7,-0.1,2.1,-0.6,198,34,0.348,123
60,Wander Franco,TBR,1143,8.00%,12.20%,0.66,0.282,0.34,0.454,0.795,0.173,6.8,0.299,4.7,0.6,6.5,1.8,161,24.7,0.341,123
61,Justin Upton,2 Tms,1504,11.30%,28.90%,0.39,0.257,0.345,0.488,0.833,0.231,3.8,0.32,1.9,1.4,1.6,0.3,226,44.4,0.354,122
62,Jeff McNeil,NYM,2687,6.60%,11.40%,0.58,0.298,0.361,0.438,0.799,0.14,4.3,0.321,-1.3,5.3,-0.7,-1.2,393,68.1,0.346,122
63,Kyle Schwarber,4 Tms,4382,14.10%,28.50%,0.49,0.229,0.343,0.491,0.834,0.262,3.3,0.263,-6.3,6.2,-7.5,-5.9,663,137.4,0.354,122
64,Xander Bogaerts,2 Tms,4500,9.10%,17.80%,0.51,0.29,0.358,0.469,0.827,0.179,4.7,0.328,11.2,-0.8,13.1,5.7,684,142.1,0.354,122
65,Nathaniel Lowe,2 Tms,2821,11.10%,24.00%,0.46,0.272,0.356,0.433,0.789,0.162,3.5,0.339,-9.2,-1.7,-5.3,-2.4,405,68.3,0.344,122
66,Rhys Hoskins,2 Tms,3394,13.00%,24.70%,0.53,0.238,0.346,0.481,0.827,0.243,3,0.27,-6,3.2,-8.5,-2.7,514,108.2,0.353,122
67,Andrew McCutchen,3 Tms,1332,12.60%,19.60%,0.64,0.267,0.366,0.455,0.82,0.188,4.4,0.305,-4.1,1.8,-2,-1.7,199,39.6,0.353,121
68,Francisco Lindor,2 Tms,4994,8.80%,16.70%,0.53,0.267,0.338,0.481,0.82,0.214,5.5,0.282,6.3,2.8,2.4,10,733,133.3,0.348,121
69,Trea Turner,3 Tms,4599,7.00%,18.50%,0.38,0.293,0.347,0.476,0.824,0.183,6.9,0.335,17.8,0.1,26.1,28.1,692,140.4,0.352,121
70,Michael Conforto,2 Tms,3396,11.90%,23.70%,0.5,0.253,0.352,0.457,0.809,0.205,3.1,0.298,4.5,1.2,-1.1,-3.7,497,86.1,0.347,121
71,Adley Rutschman,BAL,1795,12.00%,16.20%,0.74,0.261,0.351,0.421,0.772,0.16,2.8,0.289,4.1,-0.2,-0.5,-2.9,247,34.8,0.337,121
72,Teoscar Hernández,4 Tms,3749,7.10%,29.70%,0.24,0.264,0.321,0.49,0.811,0.227,4.4,0.334,0.1,0.9,1.6,-2.2,540,90.8,0.345,121
73,Jesse Winker,5 Tms,2775,12.80%,18.40%,0.7,0.262,0.367,0.437,0.804,0.175,2.8,0.297,-16,-0.6,-12.3,-2.9,415,83.4,0.351,121
74,Bryan Reynolds,PIT,3346,9.20%,21.90%,0.42,0.276,0.352,0.47,0.821,0.193,4.8,0.328,2.2,1.1,0.7,-1.2,504,101.9,0.352,120
75,Yainer Diaz,HOU,1005,3.60%,18.20%,0.2,0.291,0.317,0.476,0.793,0.185,2.9,0.32,-3.7,-0.9,-1.9,-1.4,139,19.6,0.337,120
76,Corbin Carroll,ARI,1444,9.60%,19.80%,0.48,0.258,0.34,0.469,0.809,0.211,9,0.292,6.9,3.3,15.1,9.8,212,40.3,0.348,120
77,Ji Man Choi,3 Tms,1595,13.50%,26.00%,0.52,0.245,0.35,0.436,0.786,0.191,2.1,0.307,-4.5,3,-7,-1.8,224,31.3,0.339,120
78,Riley Greene,DET,1418,9.50%,27.50%,0.35,0.267,0.34,0.434,0.775,0.167,4.9,0.353,3.4,0.6,3.6,-2.4,195,27.9,0.337,120
79,Luis Arraez,3 Tms,2858,6.90%,6.80%,1.01,0.323,0.372,0.418,0.79,0.096,3.8,0.339,5.4,-1,2.3,-5.9,411,68.8,0.343,120
80,Brendan Donovan,STL,1491,9.40%,13.70%,0.69,0.28,0.364,0.407,0.771,0.126,3.4,0.311,2.2,0.7,-0.4,-4.1,209,34.2,0.34,119
81,Bo Bichette,TOR,2664,5.50%,20.60%,0.27,0.29,0.332,0.466,0.798,0.176,4.6,0.338,1.9,-3.2,1.1,0.6,380,61.7,0.342,119
82,Luke Raley,3 Tms,1005,6.40%,31.00%,0.21,0.238,0.319,0.448,0.768,0.211,5.9,0.311,2,1.2,1,1.3,135,15.2,0.332,119
83,Aaron Hicks,NYY,1534,14.80%,20.70%,0.71,0.242,0.357,0.446,0.803,0.204,4.4,0.269,8.3,3.7,3.5,-0.1,223,37.2,0.347,119
84,Michael Brantley,CLE,1006,7.90%,10.90%,0.72,0.305,0.362,0.459,0.821,0.154,4.7,0.321,3.7,-0.5,1.9,2.3,149,29.3,0.352,119
85,Mitch Garver,2 Tms,1285,10.70%,26.10%,0.41,0.248,0.334,0.479,0.813,0.231,3.2,0.293,-0.7,0.4,-2.2,-1.3,187,32.2,0.345,119
86,Willson Contreras,2 Tms,3071,9.90%,23.80%,0.42,0.255,0.35,0.458,0.808,0.203,3.4,0.304,-12.3,-4.8,-6.3,-5.3,451,81.2,0.348,119
87,Austin Meadows,3 Tms,1693,9.20%,21.40%,0.43,0.259,0.333,0.472,0.806,0.214,4.9,0.295,-7,5.7,-2.1,-2.1,241,34,0.34,119
88,Eric Thames,MIL,829,12.50%,31.40%,0.4,0.237,0.341,0.504,0.846,0.267,5.8,0.301,-2.5,1.8,-0.1,0.9,125,25.7,0.356,119
89,Buster Posey,SFG,1016,10.40%,11.70%,0.89,0.304,0.382,0.426,0.808,0.122,2.9,0.333,-3.2,-2.3,-3.8,-0.2,147,25.5,0.348,119
90,Matt Chapman,3 Tms,4235,10.50%,26.80%,0.39,0.241,0.329,0.462,0.79,0.22,4.2,0.295,13.2,6.8,11.5,-4.8,589,81.6,0.339,118
91,Cody Bellinger,2 Tms,4108,10.00%,21.10%,0.48,0.259,0.334,0.484,0.818,0.225,5.5,0.285,4.5,7.6,10.1,5,590,96.4,0.343,118
92,Khris Davis,OAK,1839,9.70%,28.10%,0.35,0.239,0.32,0.494,0.813,0.254,2.5,0.272,-4.2,-3.9,-6.8,-0.1,258,34.8,0.342,118
93,Marcell Ozuna,3 Tms,2838,8.90%,21.00%,0.42,0.27,0.336,0.477,0.813,0.206,3.1,0.302,0,-2.4,-1.1,-0.9,412,69.8,0.346,117
94,Wilyer Abreu,BOS,532,9.20%,27.80%,0.33,0.263,0.333,0.461,0.794,0.198,5,0.343,-0.8,0.6,1.4,-0.4,76,13.1,0.342,117
95,Jackson Chourio,MIL,573,6.80%,21.10%,0.32,0.275,0.327,0.464,0.791,0.189,6.1,0.32,0.7,0.4,3.4,0.5,80,13.1,0.339,117
96,Ian Happ,CHC,3786,12.00%,27.00%,0.44,0.248,0.343,0.451,0.794,0.204,4.5,0.312,4.4,0,2.9,-0.9,536,84,0.342,117
97,José Martínez,3 Tms,1368,9.20%,20.00%,0.46,0.287,0.354,0.446,0.8,0.159,2.9,0.337,1.5,-3.2,-3.9,-0.7,195,29.8,0.344,117
98,Steven Kwan,CLE,1896,9.80%,9.80%,0.99,0.285,0.359,0.396,0.755,0.111,6,0.307,4.6,1.1,9,1.5,254,29.9,0.333,117
99,Isaac Paredes,3 Tms,1786,11.00%,17.40%,0.63,0.232,0.333,0.422,0.755,0.19,1.8,0.245,-2.5,-0.4,-1.5,-3.4,237,25,0.331,117
100,Nick Castellanos,4 Tms,4063,6.30%,23.20%,0.27,0.28,0.33,0.493,0.823,0.213,4.1,0.332,-4.4,-0.8,-1.2,-3.4,596,105.1,0.348,117
101,Michael Harris II,ATL,1450,4.80%,20.80%,0.23,0.285,0.325,0.469,0.794,0.185,6.2,0.331,4.5,1.2,5.9,2.9,204,32.7,0.341,117
102,Yasmani Grandal,3 Tms,1826,13.70%,24.70%,0.56,0.243,0.349,0.46,0.809,0.217,2.8,0.286,-15.2,-1.7,-11.4,-1,266,42.6,0.346,116
103,Eugenio Suárez,2 Tms,4028,11.10%,28.00%,0.4,0.245,0.338,0.472,0.81,0.228,2.4,0.294,-14.4,-1,-12.1,-5.5,583,96.8,0.345,116
104,Byron Buxton,MIN,2406,6.80%,27.80%,0.25,0.249,0.31,0.491,0.801,0.241,7.1,0.301,13.3,8.9,15.4,10.7,334,44.2,0.339,116
105,Lars Nootbaar,STL,1379,13.60%,20.10%,0.68,0.246,0.348,0.425,0.774,0.18,5,0.282,3.2,1.4,4,0,190,26.6,0.337,116
106,Joc Pederson,4 Tms,2757,10.10%,21.90%,0.46,0.241,0.331,0.472,0.803,0.23,3.7,0.265,4.8,-1.2,3.1,-5.8,390,57,0.342,116
107,J.T. Realmuto,2 Tms,2997,7.30%,21.00%,0.35,0.273,0.337,0.471,0.808,0.197,5.5,0.316,16.9,3.7,14.6,5.3,429,68.1,0.344,116
108,Jordan Westburg,BAL,675,5.60%,22.70%,0.25,0.263,0.312,0.455,0.767,0.192,5.5,0.315,0.3,0.5,1.9,-0.7,89,8.7,0.329,116
109,Luis Robert Jr.,CHW,1944,5.60%,27.00%,0.21,0.267,0.316,0.474,0.79,0.207,5.2,0.329,3.6,2.3,-1.1,4.9,268,35.7,0.336,116
110,Tommy La Stella,3 Tms,892,9.40%,9.50%,0.99,0.284,0.358,0.441,0.8,0.157,2.5,0.289,-0.6,-1.3,1.2,-0.8,129,19.4,0.344,116
111,Tyler O'Neill,2 Tms,2109,9.00%,30.80%,0.29,0.246,0.322,0.469,0.792,0.223,5,0.312,5.7,0.1,2.2,2.8,294,42.6,0.339,115
112,Scooter Gennett,2 Tms,1274,5.80%,22.00%,0.26,0.295,0.339,0.487,0.826,0.193,3.8,0.345,-1.6,0.3,-4.2,-1,187,34.1,0.35,115
113,Alex Dickerson,2 Tms,672,7.70%,22.00%,0.35,0.262,0.329,0.479,0.807,0.217,4.3,0.3,-0.4,-1.4,0.6,-0.5,97,13.6,0.341,115
114,Garrett Cooper,2 Tms,1356,8.80%,26.00%,0.34,0.274,0.348,0.44,0.788,0.166,2.4,0.354,-7.6,-1.5,-3.8,-1.3,192,28.8,0.341,115
115,Carlos Santana,CLE,667,13.20%,14.10%,0.94,0.259,0.363,0.455,0.818,0.196,4,0.274,0.3,0.4,-0.5,0.1,98,16.5,0.35,115
116,Yonder Alonso,3 Tms,1095,10.90%,22.00%,0.49,0.257,0.34,0.458,0.798,0.201,1.9,0.291,-4.6,1.4,-6.5,-0.3,152,21.8,0.341,115
117,Lorenzo Cain,KCR,645,8.40%,15.50%,0.54,0.3,0.363,0.44,0.803,0.14,6.5,0.34,2.2,-2.6,3.4,3.9,93,14.1,0.347,115
118,David Peralta,ARI,1614,7.80%,18.90%,0.41,0.288,0.349,0.476,0.825,0.187,4.1,0.33,0.7,-0.6,2.3,-0.3,239,43.6,0.351,115
119,C.J. Cron,5 Tms,2031,7.70%,23.70%,0.33,0.258,0.331,0.487,0.818,0.229,2.3,0.294,-9.8,-0.6,-5,-1.9,295,48.8,0.346,114
120,Marcus Semien,3 Tms,3520,9.40%,18.00%,0.52,0.259,0.329,0.456,0.785,0.197,5.3,0.283,14.3,3.3,10.1,3.6,483,59.5,0.336,114
121,Lawrence Butler,OAK,580,6.70%,24.70%,0.27,0.25,0.3,0.456,0.756,0.206,5.7,0.291,-0.9,-0.3,0.9,2.7,74,5.3,0.324,114
122,Corey Dickerson,4 Tms,1651,5.30%,19.60%,0.27,0.288,0.327,0.486,0.814,0.198,4.5,0.33,-1.6,-1.5,5.1,-1,231,31,0.341,114
123,Vinnie Pasquantino,KCR,1112,9.00%,12.20%,0.74,0.267,0.335,0.445,0.78,0.178,2.2,0.272,-3.7,-0.6,-4.3,-1.4,152,21.3,0.336,114
124,Jesús Aguilar,3 Tms,1972,9.90%,22.90%,0.43,0.262,0.338,0.476,0.814,0.214,1.5,0.297,-6.5,-2.6,-8.3,-1.7,284,44.3,0.345,114
125,Austin Nola,2 Tms,645,8.50%,18.00%,0.47,0.271,0.345,0.435,0.78,0.164,2.6,0.308,2.1,-0.2,0.4,-0.7,89,9.1,0.335,114
126,Mike Yastrzemski,SFG,1726,10.10%,25.10%,0.4,0.242,0.326,0.465,0.791,0.223,4.8,0.288,4,6.1,4.4,-1.2,240,31.8,0.337,114
127,Josh Reddick,HOU,1027,9.00%,14.50%,0.62,0.28,0.342,0.444,0.785,0.164,4.8,0.302,2,1.1,5.5,0.1,138,15.3,0.336,114
128,DJ LeMahieu,2 Tms,2134,7.50%,13.30%,0.57,0.312,0.365,0.466,0.831,0.155,4.3,0.338,1.8,-5.4,-4.3,-2.5,327,66.5,0.355,114
129,Sean Murphy,2 Tms,1962,10.30%,23.20%,0.44,0.233,0.329,0.429,0.758,0.196,2.2,0.271,-1.1,-4.1,-3.9,-2.2,260,26.9,0.33,114
130,Jorge Soler,3 Tms,2708,10.90%,26.40%,0.41,0.239,0.33,0.477,0.807,0.238,1.9,0.277,-7.9,-4,-8.1,-2.7,388,59,0.343,113
131,Gleyber Torres,NYY,3673,9.10%,20.30%,0.45,0.265,0.334,0.441,0.774,0.176,3.5,0.301,-2,-1.8,-6.7,-3.8,496,56.1,0.333,113
132,Ty France,3 Tms,2819,6.50%,18.30%,0.35,0.263,0.337,0.407,0.744,0.144,2,0.303,-10.2,-7.6,-6.5,-4.8,365,27.5,0.326,113
133,LaMonte Wade Jr.,2 Tms,1665,12.70%,20.60%,0.62,0.246,0.351,0.411,0.762,0.165,3.8,0.286,-2,3.6,-2.7,-2.1,226,26.6,0.334,113
134,Joey Meneses,WSN,897,5.90%,20.30%,0.29,0.288,0.333,0.444,0.778,0.156,2.1,0.34,-2.1,-3.7,-5.1,-1.3,122,14.2,0.336,113
135,Wilmer Flores,3 Tms,2781,7.70%,13.80%,0.56,0.267,0.329,0.456,0.785,0.19,2,0.274,-11.7,-2.6,-13.2,-2.4,380,46.4,0.336,113
136,Jake Burger,2 Tms,1344,5.70%,27.50%,0.21,0.251,0.305,0.483,0.789,0.233,2.6,0.296,0.9,-0.5,1,-2.3,184,24.3,0.336,113
137,Wilson Ramos,3 Tms,1164,7.40%,15.90%,0.46,0.289,0.342,0.448,0.79,0.159,1.4,0.316,-12.6,-6.9,-9.2,-0.5,158,16.3,0.335,113
138,Anthony Santander,BAL,3115,7.30%,20.70%,0.35,0.246,0.307,0.469,0.776,0.223,2.7,0.263,1.5,4.2,-2.2,-4.3,412,39.7,0.33,113
139,Josh Bell,6 Tms,4474,11.20%,19.10%,0.58,0.258,0.343,0.448,0.79,0.19,2.5,0.287,-19,-5.4,-17.4,-9.3,622,84.4,0.338,113
140,Chris Taylor,LAD,2836,9.70%,28.80%,0.34,0.258,0.337,0.447,0.784,0.189,6.3,0.345,10.4,8,12.3,4.2,389,48.1,0.336,112
141,Jarren Duran,BOS,1432,6.70%,24.70%,0.27,0.272,0.326,0.457,0.782,0.185,8,0.346,0.1,2.6,11.6,6.7,197,27.4,0.336,112
142,Yasiel Puig,3 Tms,1625,8.90%,19.70%,0.45,0.265,0.334,0.478,0.811,0.212,4.8,0.29,-5.4,-4.2,-1.5,1.3,229,31.1,0.342,112
143,Ryan Mountcastle,BAL,2312,6.90%,24.50%,0.28,0.265,0.316,0.45,0.766,0.185,3.1,0.316,2.2,-1.7,2,-2.6,302,27.7,0.328,112
144,Domingo Santana,3 Tms,1433,10.90%,31.00%,0.35,0.26,0.345,0.454,0.799,0.194,3.9,0.353,2.3,0.3,-1,0.5,202,26.3,0.341,112
145,Eloy Jiménez,2 Tms,2126,6.50%,22.70%,0.29,0.269,0.318,0.462,0.78,0.193,1.9,0.309,0.5,-2.6,-5.3,-1.8,287,29.5,0.332,112
146,J.D. Davis,5 Tms,2142,9.80%,27.20%,0.36,0.257,0.34,0.425,0.764,0.167,2.7,0.332,-4.4,-5.1,-4.2,-1.9,287,27.7,0.331,112
147,Masataka Yoshida,BOS,1001,6.10%,13.30%,0.46,0.285,0.343,0.433,0.775,0.148,4.2,0.31,-4.1,-2.5,-4.4,0,139,18.6,0.338,112
148,Lourdes Gurriel Jr.,2 Tms,3009,5.60%,19.30%,0.29,0.279,0.324,0.461,0.784,0.181,3.6,0.315,-5.4,-1.9,-5,-4.5,411,50.3,0.335,112
149,Edouard Julien,MIN,709,13.70%,32.40%,0.42,0.235,0.343,0.399,0.742,0.164,4.4,0.334,0.7,0.3,-1.7,0.3,93,8.3,0.328,112
150,Josh Naylor,2 Tms,2259,7.70%,16.60%,0.46,0.262,0.323,0.444,0.767,0.181,3.1,0.282,-5.6,-2.3,-5.4,-0.7,294,24,0.327,112
151,Asdrúbal Cabrera,NYM,540,9.30%,15.40%,0.6,0.28,0.351,0.434,0.785,0.154,2.5,0.31,-6.2,-2.1,-5.8,-0.6,74,7.8,0.338,112
152,Taylor Ward,LAA,2170,9.40%,23.70%,0.4,0.252,0.33,0.428,0.758,0.175,3.8,0.302,2.3,1.8,-1.7,-3.2,286,29.3,0.33,111
153,Salvador Perez,KCR,1864,3.50%,21.90%,0.16,0.266,0.302,0.508,0.809,0.242,1.9,0.283,-5.8,-3.4,-11,-0.6,260,35.2,0.339,111
154,Cal Raleigh,SEA,1760,9.60%,28.90%,0.33,0.218,0.296,0.444,0.74,0.226,2.6,0.254,-3.3,2.3,-2.6,-1.4,215,6.3,0.318,111
155,Whit Merrifield,KCR,2337,6.30%,15.40%,0.41,0.297,0.345,0.452,0.797,0.155,6.5,0.332,5.8,0,6.1,7.6,326,40.9,0.34,111
156,Justin Bour,3 Tms,1100,12.50%,24.60%,0.51,0.243,0.338,0.45,0.788,0.207,2,0.28,-11.9,0,-8.6,-0.1,148,15.5,0.335,111
157,Josh Lowe,TBR,1088,7.30%,28.80%,0.25,0.262,0.316,0.434,0.749,0.172,6.8,0.348,1.8,2.6,1.2,8.9,136,6.7,0.321,110
158,Miguel Sanó,2 Tms,2124,11.10%,36.80%,0.3,0.227,0.316,0.472,0.788,0.245,2.8,0.311,-5,-0.9,-8,-1.6,289,30.5,0.334,110
159,Chas McCormick,HOU,1451,8.80%,27.50%,0.32,0.25,0.324,0.422,0.747,0.172,5,0.315,-2.3,2.9,-3,-0.5,186,13.7,0.325,110
160,Colton Cowser,BAL,638,10.20%,30.40%,0.34,0.229,0.317,0.414,0.731,0.186,5.3,0.301,0.9,-0.3,2.5,-0.8,79,3.7,0.319,110
161,Michael Busch,2 Tms,648,11.00%,29.20%,0.38,0.238,0.324,0.421,0.745,0.183,3.4,0.31,0.2,0.8,0,-1,83,6.8,0.324,110
162,Mike Moustakas,3 Tms,1980,7.80%,16.70%,0.47,0.257,0.32,0.496,0.816,0.239,2.5,0.257,-9.4,-1.3,-8.8,0.2,277,36.3,0.34,110
163,Wyatt Langford,TEX,557,9.20%,20.60%,0.44,0.253,0.325,0.415,0.74,0.162,6.4,0.296,,,2.8,1.5,70,4.9,0.321,110
164,Wil Myers,SDP,2486,9.80%,29.20%,0.34,0.252,0.327,0.451,0.779,0.199,4.8,0.327,6,-0.8,6.2,1.6,333,31.4,0.332,110
165,Frank Schwindel,3 Tms,566,6.20%,17.80%,0.35,0.269,0.314,0.456,0.771,0.188,2.8,0.295,-1.8,-1.1,-1.2,-0.5,75,8.2,0.329,110
166,Todd Frazier,2 Tms,576,14.40%,21.70%,0.66,0.213,0.344,0.428,0.772,0.215,3.1,0.226,-1.1,-0.1,-0.2,-0.8,77,6.6,0.335,109
167,Adam Eaton,WSN,1309,9.90%,16.80%,0.59,0.279,0.365,0.419,0.784,0.14,6.3,0.326,2.3,0.9,3.9,3,186,24.8,0.341,109
168,Willy Adames,2 Tms,3610,9.60%,27.20%,0.35,0.248,0.322,0.444,0.766,0.196,3.9,0.308,11.3,1.9,5.4,-2.8,475,41.7,0.329,109
169,Starling Marte,3 Tms,1781,5.20%,17.20%,0.3,0.283,0.335,0.454,0.79,0.171,7,0.317,5.5,-1,5.6,5.8,245,27.9,0.337,109
170,Patrick Wisdom,3 Tms,1299,9.40%,37.00%,0.25,0.214,0.298,0.468,0.766,0.254,3.9,0.281,0.8,1.2,0.6,-0.8,169,15.2,0.328,109
171,Alejandro Kirk,TOR,1563,10.20%,11.50%,0.89,0.264,0.344,0.391,0.735,0.127,0.8,0.278,-13.6,-5.4,-14.1,-2.5,197,12.9,0.323,109
172,Jorge Polanco,2 Tms,3708,8.90%,19.70%,0.45,0.261,0.329,0.435,0.765,0.175,4.2,0.297,6.7,8.1,5.7,-5.2,486,38.4,0.328,109
173,Brian Dozier,2 Tms,1337,11.10%,20.20%,0.55,0.244,0.334,0.447,0.781,0.203,5,0.271,2.7,-0.3,1.4,0.6,179,18.8,0.334,109
174,Christian Walker,ARI,2026,9.70%,23.10%,0.42,0.249,0.329,0.453,0.782,0.204,3.6,0.287,5.3,-0.3,-0.1,-0.8,277,32.6,0.335,109
175,Marwin Gonzalez,2 Tms,1729,8.70%,21.10%,0.41,0.264,0.335,0.436,0.771,0.172,2.9,0.309,-1.4,1.8,-4.1,-1.3,227,16.6,0.33,109
176,Ramón Urías,BAL,1465,7.50%,22.90%,0.33,0.262,0.328,0.408,0.736,0.146,3.4,0.322,1.9,0.3,1.6,-2.6,184,10.8,0.322,109
177,Daniel Vogelbach,5 Tms,1944,15.20%,25.00%,0.61,0.22,0.341,0.408,0.749,0.188,1,0.26,-12.4,-1.3,-12.2,-2.1,254,19.3,0.328,109
178,Logan Morrison,3 Tms,998,11.80%,23.90%,0.49,0.222,0.322,0.457,0.778,0.235,2.4,0.238,-0.4,0.3,-1.3,0,131,10.7,0.331,109
179,Franmil Reyes,4 Tms,2078,8.30%,30.60%,0.27,0.249,0.31,0.464,0.775,0.215,2.4,0.311,-8.8,-4.8,-8.1,-1.1,273,22.4,0.328,108
180,Ramón Laureano,3 Tms,2353,7.10%,27.30%,0.26,0.247,0.319,0.43,0.749,0.183,5.6,0.314,5.9,3.7,2.8,2.8,300,16.3,0.323,108
181,Joey Gallo,5 Tms,3250,14.70%,37.40%,0.39,0.195,0.321,0.46,0.781,0.265,4,0.252,8.4,11.4,2.6,-1.1,442,51.8,0.334,108
182,Ozzie Albies,ATL,3804,6.60%,16.90%,0.39,0.27,0.322,0.47,0.792,0.2,6.1,0.293,17.1,8,18.8,5,522,63.8,0.336,108
183,James Outman,LAD,739,11.60%,32.90%,0.35,0.231,0.337,0.408,0.745,0.177,5.7,0.323,3.6,2.3,3.1,0.4,96,7.1,0.328,108
184,Mark Vientos,NYM,728,6.60%,29.90%,0.22,0.243,0.297,0.454,0.751,0.211,2.2,0.298,-2.5,0.3,-2.5,-0.9,91,5,0.322,108
185,Steven Souza Jr.,3 Tms,920,12.60%,29.20%,0.43,0.23,0.336,0.427,0.763,0.197,5,0.3,2,1.1,-0.2,1.9,120,9.3,0.331,108
186,Gio Urshela,5 Tms,2082,6.00%,18.50%,0.32,0.284,0.328,0.436,0.764,0.152,3.1,0.326,-8.8,-9.4,-4.1,-1.8,272,20.2,0.327,108
187,Oneil Cruz,PIT,1009,8.50%,31.60%,0.27,0.25,0.315,0.449,0.764,0.199,6.2,0.336,0.2,1.1,5.9,3.6,132,14.4,0.328,108
188,Trey Mancini,3 Tms,3367,7.90%,23.50%,0.34,0.262,0.327,0.445,0.772,0.183,2.4,0.313,-2.9,-7.1,-6.7,-2.6,445,40.1,0.33,108
189,Eric Hosmer,2 Tms,2736,8.20%,19.60%,0.42,0.277,0.338,0.435,0.773,0.158,3.1,0.321,-6.4,-3.7,-5.6,-2.5,362,29.6,0.331,108
190,Jake Cronenworth,SDP,2697,9.30%,17.30%,0.54,0.247,0.329,0.411,0.74,0.163,5,0.279,7.2,4.9,7.9,-2.3,340,19.5,0.322,108
191,Nolan Jones,2 Tms,815,11.90%,30.40%,0.39,0.265,0.355,0.441,0.797,0.176,5.4,0.37,-0.2,2,0.8,0.1,118,20.5,0.344,108
192,Kolten Wong,2 Tms,2564,8.40%,15.80%,0.53,0.269,0.349,0.414,0.763,0.145,5.6,0.304,8.4,7.3,11,2.5,338,28.5,0.33,107
193,Heliot Ramos,SFG,600,7.20%,26.80%,0.27,0.254,0.308,0.439,0.748,0.185,4.2,0.315,0,-0.2,-0.5,-0.2,75,4.9,0.321,107
194,Ryan Noda,OAK,606,15.00%,34.20%,0.44,0.212,0.344,0.369,0.713,0.158,3.1,0.319,-0.1,1.3,0.6,-1.1,75,1.8,0.32,107
195,Cedric Mullins,BAL,2719,8.10%,19.80%,0.41,0.252,0.32,0.425,0.744,0.172,6.5,0.289,4.6,5.3,5,8.8,341,18.1,0.322,107
196,Jay Bruce,2 Tms,978,10.00%,21.90%,0.46,0.243,0.319,0.458,0.777,0.215,2.5,0.27,-2.2,2.1,-1.4,-1.6,127,9.6,0.33,107
197,Jonathan India,CIN,2228,10.50%,21.10%,0.5,0.253,0.352,0.412,0.764,0.159,4.9,0.301,0.6,-2.4,-0.3,0.3,307,42.4,0.336,107
198,Yoán Moncada,CHW,3122,9.80%,29.00%,0.34,0.254,0.332,0.425,0.757,0.171,4.6,0.343,4,9.1,4.2,-1.7,407,30.5,0.327,107
199,Brandon Belt,SFG,1523,13.00%,22.20%,0.59,0.242,0.345,0.425,0.77,0.184,4,0.288,-3.3,4.9,-4.8,-0.9,201,15.7,0.331,107
200,Jose Miranda,MIN,1064,5.20%,17.00%,0.3,0.266,0.315,0.414,0.729,0.148,2.6,0.301,-0.7,-4.8,-2.9,-2.1,129,5.1,0.318,107
201,Robbie Grossman,3 Tms,2266,13.50%,19.50%,0.69,0.248,0.354,0.393,0.746,0.145,4.6,0.294,-5.9,4,2.9,1.2,295,19.2,0.328,107
202,Welington Castillo,2 Tms,546,5.70%,26.20%,0.22,0.274,0.317,0.462,0.779,0.188,1.7,0.331,-1.7,-1.9,-3.1,-0.1,72,6,0.332,107
203,AJ Pollock,2 Tms,1268,7.00%,19.30%,0.36,0.263,0.324,0.475,0.799,0.212,6.7,0.291,3,2.2,3.4,3.2,174,20,0.337,106
204,Ryan Jeffers,MIN,1391,8.30%,27.00%,0.31,0.231,0.31,0.427,0.737,0.196,3.2,0.28,-2.4,-0.1,-2.6,-2,173,7.6,0.32,106
205,Tyler White,2 Tms,583,11.00%,24.50%,0.45,0.245,0.329,0.425,0.754,0.18,2.3,0.301,-1.4,1.4,-1.7,-1.2,74,2.9,0.325,106
206,Jedd Gyorko,3 Tms,1119,10.30%,21.80%,0.47,0.257,0.333,0.435,0.768,0.178,3.6,0.296,-5.2,-2.4,-4.4,0.4,146,10.5,0.33,106
207,Josh Jung,TEX,805,5.20%,29.60%,0.18,0.257,0.301,0.45,0.75,0.192,4.2,0.329,-4.2,1.1,-2.2,-1.1,101,4.5,0.322,106
208,Adam Jones,BAL,635,4.30%,17.80%,0.24,0.285,0.322,0.466,0.787,0.181,2.7,0.312,3.6,-1.9,1,-0.4,84,7,0.334,106
209,Adolis García,2 Tms,2572,7.10%,28.80%,0.25,0.239,0.298,0.451,0.749,0.212,5.2,0.291,3.2,1,3.1,2.3,320,15,0.32,106
210,Austin Hays,2 Tms,2204,5.70%,21.60%,0.27,0.261,0.313,0.432,0.745,0.171,3.8,0.308,-0.7,1.2,1.2,-4.5,275,11.8,0.321,106
211,Tyler Stephenson,CIN,1637,9.20%,23.40%,0.39,0.267,0.343,0.427,0.77,0.159,2.6,0.328,-2.3,-2.6,-4.9,-2.6,223,27.7,0.335,106
212,Avisaíl García,4 Tms,2578,6.20%,23.90%,0.26,0.27,0.325,0.442,0.766,0.172,3.8,0.325,0.2,-3.8,-0.7,-2,334,22.7,0.327,106
213,Joey Wendle,2 Tms,1507,6.00%,19.50%,0.31,0.275,0.33,0.416,0.746,0.141,6.2,0.328,3.5,1.6,6,0.7,186,4,0.32,106
214,Nolan Schanuel,LAA,739,11.90%,16.50%,0.72,0.255,0.354,0.357,0.71,0.102,3.5,0.293,,,-4.9,-0.2,92,4.6,0.319,105
215,Jean Segura,2 Tms,2600,6.10%,13.40%,0.45,0.291,0.34,0.424,0.764,0.133,5.2,0.32,9.5,-5.9,9.3,-0.1,339,22.9,0.328,105
216,Trevor Story,2 Tms,3391,8.30%,27.90%,0.3,0.264,0.331,0.493,0.824,0.229,6.2,0.331,7.9,5.3,7,8.8,498,88.9,0.348,105
217,Derek Dietrich,3 Tms,1396,7.30%,23.90%,0.31,0.24,0.332,0.432,0.764,0.192,4.1,0.285,-1,2.2,1.1,-1.3,181,12.1,0.329,105
218,Zach Neto,LAA,931,6.30%,23.30%,0.27,0.241,0.314,0.42,0.734,0.179,5,0.287,-1.1,0.3,0.9,0.9,116,5.2,0.32,105
219,Mike Brosseau,2 Tms,647,7.40%,29.50%,0.25,0.242,0.313,0.428,0.741,0.186,3.9,0.313,-2.1,1.2,0.3,0.9,80,2.1,0.32,105
220,Trevor Larnach,MIN,1093,10.60%,29.50%,0.36,0.236,0.323,0.403,0.726,0.167,3.6,0.314,-1.7,2.2,-2,-1.2,133,3.7,0.317,105
221,Hunter Renfroe,6 Tms,3195,7.60%,25.50%,0.3,0.237,0.299,0.474,0.772,0.236,2.8,0.266,-6.8,1.3,-5,-1.2,411,25.9,0.327,105
222,Gabriel Moreno,2 Tms,804,9.20%,16.80%,0.55,0.28,0.347,0.393,0.74,0.113,3.4,0.324,-4,-3.7,-1.6,-1.1,103,7,0.325,105
223,Travis d'Arnaud,4 Tms,967,7.40%,20.60%,0.36,0.261,0.317,0.455,0.773,0.195,1.8,0.289,-2.6,-2.1,-2,-0.8,125,4.6,0.326,105
224,Elly De La Cruz,CIN,1123,9.30%,32.20%,0.29,0.25,0.324,0.447,0.771,0.198,8.9,0.35,3,0.4,5.5,8.6,150,16.7,0.332,105
225,Jazz Chisholm Jr.,2 Tms,1814,7.70%,27.60%,0.28,0.249,0.311,0.446,0.757,0.197,7,0.308,4.7,3.6,12.6,5.9,233,16.7,0.325,105
226,Kyle Lewis,2 Tms,580,10.50%,30.50%,0.34,0.235,0.317,0.414,0.732,0.179,3.3,0.303,0.2,0.7,0.4,0.5,72,0.4,0.317,105
227,TJ Friedl,CIN,1191,8.10%,15.40%,0.53,0.256,0.332,0.434,0.766,0.179,6.8,0.272,5,3.3,5.9,2.8,159,17.9,0.332,104
228,J.P. Crawford,2 Tms,3232,11.40%,18.60%,0.61,0.245,0.338,0.368,0.707,0.123,4,0.292,4.4,0.2,5.3,-4.7,385,-3.4,0.314,104
229,Spencer Steer,CIN,1429,10.60%,21.10%,0.5,0.245,0.335,0.425,0.76,0.18,5.2,0.288,1.1,1.7,1.2,2.5,192,21.5,0.332,104
230,Eddie Rosario,3 Tms,3200,5.70%,18.20%,0.31,0.268,0.309,0.465,0.774,0.197,4.2,0.29,3.9,4.7,2.4,-2.4,412,24.6,0.326,104
231,Brandon Marsh,2 Tms,1669,9.40%,32.80%,0.29,0.256,0.33,0.41,0.739,0.153,6.1,0.374,5.2,3.7,6.9,2.3,210,12.7,0.322,104
232,Logan O'Hoppe,LAA,737,6.60%,28.00%,0.24,0.243,0.303,0.431,0.734,0.188,2.2,0.297,-1.6,-0.6,-4.2,-2.5,91,3.4,0.318,104
233,Max Kepler,MIN,3797,9.70%,18.30%,0.53,0.238,0.319,0.43,0.749,0.192,3.9,0.257,2.9,7,3.2,-3.5,476,19.5,0.322,104
234,Nolan Gorman,STL,1179,9.80%,34.10%,0.29,0.222,0.301,0.435,0.737,0.213,3.4,0.292,0.1,2.7,-2.4,-0.1,145,5.2,0.318,104
235,Austin Slater,3 Tms,1698,10.60%,27.70%,0.38,0.252,0.342,0.385,0.728,0.134,5.7,0.34,8.5,-2.3,2.8,4.2,211,8,0.321,104
236,Gary Sánchez,5 Tms,2981,9.50%,26.90%,0.35,0.219,0.304,0.448,0.752,0.229,2.2,0.245,-9.8,-1.2,-11.5,-2.3,373,14.4,0.321,104
237,Andrew Benintendi,4 Tms,4188,9.40%,17.50%,0.53,0.269,0.34,0.414,0.753,0.144,4.7,0.309,3.3,6.1,0.2,0.2,538,35.2,0.326,104
238,Jordan Walker,STL,643,7.30%,24.00%,0.31,0.255,0.317,0.423,0.74,0.168,3.9,0.31,0.2,-0.4,1.6,-1.3,80,2.8,0.321,104
239,Jurickson Profar,4 Tms,3643,10.30%,15.50%,0.66,0.247,0.335,0.404,0.739,0.158,4.6,0.27,0.1,-1.2,3.1,1.2,459,24.3,0.323,103
240,Alec Bohm,PHI,2445,6.50%,17.90%,0.37,0.277,0.327,0.416,0.743,0.139,3.3,0.317,-2.3,-5.7,-6,-3.1,307,16.9,0.322,103
241,Juan Yepez,2 Tms,588,6.50%,20.90%,0.31,0.258,0.307,0.423,0.73,0.165,2,0.295,-2.4,0.3,-3.3,-1.2,71,2.2,0.316,103
242,Lane Thomas,3 Tms,2106,7.90%,25.10%,0.31,0.247,0.313,0.428,0.741,0.181,5.8,0.302,2.5,1.7,6.5,-0.5,261,11,0.32,103
243,Harold Ramírez,4 Tms,1933,4.10%,18.10%,0.23,0.285,0.322,0.406,0.729,0.121,3.7,0.333,5,0.7,1.7,-3.9,232,-0.7,0.315,103
244,Davis Schneider,TOR,595,11.40%,31.40%,0.36,0.211,0.311,0.402,0.712,0.191,4.8,0.281,-0.7,0.7,-1.1,0.4,71,0.4,0.312,103
245,Brian Anderson,3 Tms,2527,9.40%,24.30%,0.39,0.251,0.336,0.403,0.738,0.152,3.5,0.316,3.3,-3,3.3,-2.8,317,12.4,0.322,103
246,Eduardo Escobar,2 Tms,2051,7.30%,19.30%,0.38,0.26,0.317,0.47,0.787,0.21,4.5,0.285,1.7,2.9,0.6,-0.9,267,16.8,0.328,103
247,Jake McCarthy,ARI,1231,7.10%,19.40%,0.37,0.27,0.338,0.388,0.726,0.117,7.7,0.328,5.6,1.8,8.7,7,153,7.7,0.321,103
248,Andrés Giménez,2 Tms,2148,5.10%,18.80%,0.27,0.261,0.322,0.393,0.715,0.133,6.3,0.304,1.6,2.6,4.1,10.4,253,-1.6,0.313,103
249,Alex Avila,3 Tms,610,16.20%,34.40%,0.47,0.226,0.353,0.392,0.745,0.166,1.2,0.336,-2.4,-0.6,-1.8,-0.8,78,4.9,0.328,102
250,Brad Miller,5 Tms,1379,12.30%,28.60%,0.43,0.228,0.326,0.427,0.753,0.198,4.6,0.289,-3.6,3.1,-3.9,0,174,6.6,0.323,102
251,DJ Stewart,2 Tms,1001,12.80%,27.10%,0.47,0.212,0.328,0.401,0.729,0.189,2.2,0.256,0,1.5,1.5,-1.9,125,3.7,0.32,102
252,Miguel Andujar,3 Tms,1439,4.20%,15.80%,0.27,0.273,0.306,0.434,0.739,0.16,3.7,0.299,2.4,-1,-0.4,-1,173,3.2,0.317,102
253,Dylan Moore,SEA,1679,10.80%,29.80%,0.36,0.206,0.316,0.384,0.701,0.178,7,0.275,4.5,-0.2,4.5,3.8,194,-8.4,0.309,102
254,Cavan Biggio,3 Tms,1854,13.50%,27.30%,0.5,0.225,0.341,0.379,0.72,0.153,5.1,0.297,0.6,5.7,2.2,2.9,231,5.6,0.319,102
255,Nico Hoerner,CHC,2224,6.90%,12.00%,0.58,0.278,0.338,0.381,0.719,0.103,6.2,0.306,7,0,6.4,8.4,268,3,0.316,102
256,Seth Brown,OAK,1728,7.90%,27.40%,0.29,0.228,0.292,0.426,0.718,0.198,4.1,0.276,-3.8,3.4,-4,0.2,198,-6.6,0.308,102
257,Keston Hiura,2 Tms,1084,7.20%,36.00%,0.2,0.235,0.313,0.445,0.758,0.209,4.8,0.334,0.7,0.3,-3,-0.1,140,7.7,0.324,102
258,JJ Bleday,2 Tms,1183,11.70%,22.30%,0.53,0.216,0.311,0.391,0.703,0.175,4.2,0.255,-0.2,1.1,0.1,-1.7,136,-3.3,0.309,102
259,Renato Núñez,4 Tms,1147,7.10%,25.50%,0.28,0.246,0.31,0.457,0.767,0.211,1.7,0.287,-3,0.1,-3.3,-0.8,148,6.2,0.325,102
260,Andrew Vaughn,CHW,2258,6.50%,20.30%,0.32,0.253,0.31,0.415,0.725,0.162,2.3,0.29,-7.8,-3.5,-10.3,-2.9,270,2.7,0.315,102
261,Christopher Morel,2 Tms,1465,9.20%,29.30%,0.31,0.223,0.301,0.419,0.721,0.197,4.8,0.277,4.4,1.3,5.8,-3.8,172,-0.1,0.312,102
262,Clint Frazier,3 Tms,928,11.00%,29.00%,0.38,0.235,0.327,0.412,0.739,0.178,5,0.311,-3.9,-1,0,-0.1,116,1.6,0.32,102
263,Evan Gattis,HOU,776,6.60%,19.50%,0.34,0.242,0.295,0.454,0.749,0.212,1.8,0.253,-3.4,-1.8,-3.4,-0.6,92,-0.3,0.317,101
264,Didi Gregorius,2 Tms,2128,6.10%,13.50%,0.45,0.259,0.309,0.457,0.765,0.198,4.3,0.258,5.1,4.5,6.2,-1.2,267,8.7,0.323,101
265,Jake Fraley,2 Tms,1344,10.20%,21.70%,0.47,0.249,0.333,0.405,0.738,0.157,5,0.295,0.7,1.8,0.1,3.5,170,9.7,0.323,101
266,Travis Shaw,3 Tms,1893,11.30%,23.90%,0.47,0.234,0.326,0.44,0.766,0.206,2.8,0.268,-5.4,-0.7,-6.8,1.1,243,14,0.327,101
267,Ha-Seong Kim,SDP,1976,10.40%,18.80%,0.55,0.242,0.326,0.38,0.706,0.137,5.6,0.281,2.5,1.8,3.1,5.5,230,-4.1,0.311,101
268,Alex Verdugo,3 Tms,3180,7.50%,15.10%,0.5,0.272,0.328,0.414,0.742,0.143,3.8,0.301,4.3,-2.7,0.1,-4,397,15.8,0.32,101
269,Jeimer Candelario,4 Tms,3485,9.00%,23.60%,0.38,0.241,0.319,0.417,0.736,0.177,3.9,0.292,0.1,4.9,2.6,-3.3,429,11.5,0.319,101
270,Jordan Luplow,6 Tms,1060,11.90%,24.90%,0.48,0.212,0.314,0.423,0.737,0.21,4.3,0.242,2.1,-1.9,2,-2,131,2.5,0.318,100
271,Daniel Descalso,ARI,821,13.60%,24.20%,0.56,0.235,0.343,0.416,0.758,0.18,4.9,0.292,1.3,1.7,1.3,-0.1,106,7.8,0.329,100
272,Tyrone Taylor,2 Tms,1317,5.50%,23.20%,0.24,0.241,0.296,0.438,0.734,0.197,6.3,0.283,3.8,-2.5,5.7,2.4,158,2.5,0.315,100
273,Zack Gelof,OAK,847,7.60%,31.90%,0.24,0.231,0.294,0.412,0.706,0.181,6.3,0.309,2.5,-0.4,2.1,4.4,95,-5.2,0.305,100
274,Matt Vierling,2 Tms,1531,7.30%,21.10%,0.35,0.259,0.317,0.397,0.714,0.138,5.1,0.312,3.5,-0.2,5.8,-2.8,178,-2.7,0.311,100
275,Luis Urías,4 Tms,1750,10.30%,22.20%,0.47,0.232,0.331,0.386,0.717,0.154,3,0.276,-0.5,-1.8,0.9,-2.6,213,3.2,0.317,100
276,Danny Jansen,2 Tms,1704,9.70%,19.80%,0.49,0.22,0.308,0.419,0.727,0.198,1.8,0.234,-1.1,2.7,-2.7,-2,203,-2.1,0.315,100
277,Jeremy Peña,HOU,1842,4.90%,20.40%,0.24,0.261,0.307,0.399,0.707,0.138,5.1,0.308,3.1,1.7,6.3,-1.1,210,-7.6,0.308,100
278,Alex Kirilloff,MIN,884,7.00%,24.30%,0.29,0.248,0.309,0.412,0.721,0.164,3.2,0.302,-1.9,0.6,-3.4,-1.2,104,-2,0.311,99
279,Francisco Alvarez,NYM,779,8.50%,25.70%,0.33,0.221,0.294,0.423,0.717,0.202,3.2,0.252,-1.7,-2.6,-3.8,-1.1,90,-2.9,0.31,99
280,César Hernández,3 Tms,2850,10.00%,19.30%,0.52,0.266,0.343,0.395,0.738,0.129,4.7,0.316,3.9,-1.2,1.7,0.9,356,9.5,0.322,99
281,Oscar Gonzalez,CLE,562,3.60%,21.50%,0.17,0.269,0.299,0.413,0.712,0.144,2.4,0.324,0.4,0,1.9,-1.2,63,-2.9,0.307,99
282,Gavin Lux,LAD,1490,9.70%,22.20%,0.44,0.252,0.326,0.383,0.709,0.131,5.5,0.314,5.5,3.9,5.4,-0.1,174,-1.7,0.311,99
283,Tommy Edman,2 Tms,2578,6.30%,16.60%,0.38,0.263,0.317,0.408,0.726,0.145,7.1,0.298,10,2.8,11.4,12.5,308,-2.3,0.314,99
284,Colin Moran,3 Tms,1667,8.50%,22.10%,0.38,0.265,0.329,0.419,0.748,0.154,1.7,0.317,-13.4,-0.9,-8.7,-2.2,208,6,0.321,99
285,Omar Narváez,4 Tms,2112,10.60%,19.40%,0.55,0.254,0.338,0.382,0.72,0.128,1.4,0.298,-6.1,-0.2,-9.5,-2.6,255,-0.8,0.316,99
286,Kyle Seager,SEA,1723,8.10%,19.40%,0.42,0.236,0.304,0.436,0.74,0.199,2.5,0.254,-4.1,3.5,-0.2,-1.8,202,-6.3,0.314,99
287,Austin Jackson,3 Tms,693,8.50%,28.40%,0.3,0.278,0.339,0.396,0.735,0.118,3.9,0.386,2.7,-1.8,0.4,-0.9,84,1.3,0.319,99
288,Jesús Sánchez,MIA,1562,8.30%,27.40%,0.3,0.24,0.308,0.428,0.736,0.188,4.6,0.3,-5.2,-1.3,-1.4,0.2,191,5.6,0.317,99
289,Stephen Piscotty,2 Tms,1897,8.10%,22.90%,0.35,0.243,0.312,0.412,0.724,0.169,3,0.287,0.7,-4.4,-1.8,-0.9,221,-7.7,0.313,99
290,Brian Goodwin,5 Tms,1351,9.40%,27.20%,0.35,0.243,0.318,0.44,0.758,0.197,5,0.304,-3.8,4.7,-1,1.7,170,4.2,0.322,99
291,Matt Duffy,3 Tms,1298,8.30%,18.10%,0.46,0.278,0.348,0.354,0.702,0.075,3.4,0.339,-4.4,-4.2,-0.8,-0.4,152,-1.8,0.313,99
292,Matt Adams,3 Tms,1088,6.60%,27.00%,0.24,0.244,0.298,0.482,0.78,0.238,1.5,0.279,-3,-0.1,-5.9,-0.5,138,5.7,0.325,99
293,Jared Walsh,2 Tms,1410,7.40%,28.80%,0.26,0.239,0.301,0.438,0.739,0.199,3.1,0.3,-3.7,2.7,-3.7,-1.2,170,1.2,0.314,99
294,Starlin Castro,3 Tms,2205,5.80%,18.30%,0.32,0.281,0.322,0.42,0.742,0.139,3,0.323,1.3,-5,2.3,-2.3,266,-2.3,0.317,98
295,Joey Ortiz,2 Tms,545,10.30%,20.60%,0.5,0.237,0.321,0.387,0.708,0.15,5.7,0.283,0.7,-0.3,1.1,-1.3,64,0,0.311,98
296,Ryan O'Hearn,2 Tms,1933,8.20%,22.70%,0.36,0.244,0.309,0.417,0.726,0.173,3.3,0.286,-5.7,1.9,-4.3,-1.9,227,-5.9,0.312,98
297,Shea Langeliers,OAK,1177,7.10%,29.00%,0.25,0.215,0.276,0.432,0.708,0.216,3.7,0.254,-1.7,-0.2,-1.2,-1.8,129,-11,0.302,98
298,Aledmys Díaz,3 Tms,1705,5.70%,15.20%,0.37,0.258,0.306,0.426,0.732,0.168,2.6,0.274,-5.5,-3.9,-4.1,-1.9,200,-3.7,0.313,98
299,Rowdy Tellez,3 Tms,2305,8.40%,22.50%,0.37,0.234,0.303,0.436,0.739,0.202,1.9,0.259,-8.6,-3.7,-10.1,-2.8,276,-0.2,0.314,98
300,Pavin Smith,ARI,1252,10.20%,20.50%,0.5,0.244,0.323,0.4,0.723,0.156,3.6,0.283,-2.7,0.6,-4.2,-0.9,151,2,0.316,98
301,Mitch Moreland,BOS,576,9.90%,20.80%,0.48,0.246,0.326,0.443,0.769,0.197,1.7,0.278,-1.1,-0.6,-0.2,-0.7,73,2.3,0.326,98
302,Tim Beckham,3 Tms,1305,6.40%,28.30%,0.23,0.253,0.306,0.431,0.737,0.178,3.3,0.324,0,-0.4,-0.6,-3.3,154,-3.8,0.315,98
303,Adam Frazier,4 Tms,3340,7.40%,12.90%,0.58,0.267,0.33,0.392,0.722,0.125,4.7,0.295,10,0.4,9.9,-6.4,397,-6.7,0.314,98
304,Alex Call,2 Tms,683,11.70%,18.60%,0.63,0.231,0.332,0.364,0.696,0.133,4.2,0.268,2.1,1.6,2.5,-2.9,79,-2.4,0.312,97
305,Alec Burleson,STL,995,6.30%,13.10%,0.48,0.256,0.307,0.402,0.709,0.146,3.5,0.268,-2.8,-1.3,-3.8,-1.2,114,-3.9,0.308,97
306,Nelson Velázquez,2 Tms,615,8.50%,28.80%,0.29,0.212,0.286,0.433,0.719,0.221,5.5,0.247,1.5,-1.2,2.8,-0.2,71,-1.1,0.31,97
307,Connor Joe,3 Tms,1582,11.10%,21.70%,0.51,0.242,0.337,0.391,0.728,0.149,4,0.297,2.4,1.4,1.7,-3.9,198,11.2,0.322,97
308,Colt Keith,DET,556,6.50%,19.80%,0.33,0.26,0.309,0.38,0.689,0.12,4.5,0.306,-0.3,0.3,0.3,-0.1,61,-4.2,0.301,97
309,Evan Longoria,TBR,677,6.80%,16.10%,0.42,0.261,0.313,0.424,0.737,0.163,3.8,0.282,1.4,-0.4,1,0.4,78,-4.8,0.312,97
310,Dominic Smith,4 Tms,2266,7.50%,22.10%,0.34,0.246,0.313,0.403,0.717,0.157,2.4,0.294,-5.6,0.5,-7.6,-3.8,265,-9.1,0.311,96
311,Ben Gamel,5 Tms,2164,10.10%,24.50%,0.41,0.254,0.333,0.386,0.719,0.132,4.4,0.33,5.1,1.9,3.8,-3.7,256,-4.7,0.314,96
312,Richie Palacios,3 Tms,541,11.10%,18.10%,0.61,0.232,0.327,0.35,0.676,0.117,5.6,0.27,-0.1,0.3,0.6,3.2,59,-4.6,0.301,96
313,Willi Castro,2 Tms,2136,6.40%,24.00%,0.27,0.248,0.313,0.388,0.701,0.14,6.6,0.313,4.3,2.3,6.7,0.2,241,-13.4,0.306,96
314,Daulton Varsho,2 Tms,2116,8.60%,24.40%,0.35,0.225,0.297,0.414,0.711,0.189,6.2,0.265,8.2,3.4,8.9,1.1,241,-9.9,0.308,96
315,Edmundo Sosa,2 Tms,1103,4.10%,23.20%,0.18,0.253,0.311,0.402,0.714,0.149,6.8,0.315,3.9,-2.1,5.1,-0.3,129,-2.8,0.31,96
316,Randal Grichuk,4 Tms,3317,5.50%,24.20%,0.23,0.248,0.295,0.456,0.751,0.208,3.8,0.288,-2.7,-4.4,3.4,-3,405,4.3,0.318,96
317,Chad Pinder,OAK,1685,5.90%,27.40%,0.22,0.242,0.294,0.419,0.713,0.177,2.9,0.303,-2.4,-2.2,-3.4,-1.7,188,-14.5,0.306,96
318,Dansby Swanson,2 Tms,4473,8.90%,24.20%,0.37,0.25,0.319,0.412,0.732,0.162,5,0.307,16.1,8.1,19.2,1.3,532,-4.4,0.315,96
319,Rafael Ortega,3 Tms,940,9.80%,20.10%,0.49,0.253,0.328,0.376,0.704,0.122,4.8,0.303,-2.2,-1.4,-1.4,-0.6,108,-3.4,0.309,96
320,Tom Murphy,2 Tms,770,9.40%,32.70%,0.29,0.231,0.305,0.421,0.726,0.189,2.6,0.312,0,0.8,0.6,-0.5,90,-4,0.31,96
321,Jack Suwinski,PIT,1183,12.10%,30.90%,0.39,0.207,0.309,0.409,0.718,0.202,4.4,0.258,1.2,3.1,1.8,1.4,139,-0.7,0.313,96
322,Javier Báez,3 Tms,3922,4.70%,27.20%,0.17,0.253,0.294,0.446,0.74,0.193,6.1,0.312,12.6,0.4,15,4.1,460,-11.8,0.312,95
323,Trent Grisham,3 Tms,2250,11.50%,26.30%,0.44,0.213,0.313,0.384,0.697,0.17,5.4,0.267,6.3,2.6,4.9,2.3,255,-15.5,0.306,95
324,Brock Holt,BOS,826,10.20%,19.90%,0.51,0.269,0.354,0.375,0.729,0.106,4,0.332,-6.6,0.2,-3.9,-1.8,101,1.5,0.32,95
325,Jake Lamb,6 Tms,1479,12.60%,26.10%,0.48,0.223,0.33,0.414,0.744,0.191,3.8,0.272,2.8,-0.6,0.5,-2.7,182,2.5,0.32,95
326,Spencer Torkelson,DET,1469,9.30%,25.50%,0.37,0.221,0.3,0.392,0.693,0.171,2.8,0.269,0.1,-1.6,-0.9,-1.9,161,-12.7,0.303,95
327,Freddy Fermin,KCR,610,5.90%,19.50%,0.3,0.272,0.316,0.398,0.714,0.126,2.7,0.317,0.1,-1.1,0.1,-1.2,71,-1.7,0.31,95
328,Jason Heyward,CHC,2093,9.90%,16.30%,0.61,0.252,0.331,0.399,0.731,0.147,4.6,0.282,8.2,2.3,5.8,-1.2,253,-2.7,0.316,95
329,Mike Zunino,2 Tms,1711,7.50%,36.40%,0.21,0.204,0.276,0.44,0.716,0.236,2.2,0.263,-4.1,1.6,-3.9,-0.6,190,-17,0.305,95
330,Ryon Healy,3 Tms,1323,4.80%,22.40%,0.21,0.251,0.289,0.435,0.724,0.183,1.3,0.286,-5.1,-3.2,-4.8,-1.1,148,-11.6,0.308,95
331,Andy Ibáñez,2 Tms,1027,6.10%,18.30%,0.34,0.256,0.305,0.396,0.701,0.14,3.8,0.296,-0.7,1.1,0,-1.4,115,-7.7,0.305,95
332,Tony Kemp,3 Tms,2101,10.10%,12.90%,0.79,0.239,0.327,0.354,0.681,0.115,5.2,0.261,1.1,2.9,1.4,1.6,229,-22.3,0.302,95
333,Luis Rengifo,LAA,1962,7.00%,18.50%,0.38,0.253,0.312,0.395,0.707,0.142,5,0.289,5.5,0.7,7.7,-2,224,-11.8,0.308,95
334,Eduardo Núñez,2 Tms,993,3.40%,12.40%,0.28,0.288,0.315,0.423,0.738,0.135,4.9,0.311,-3.8,-2.1,-5.1,1.8,118,-0.6,0.317,95
335,Matt Beaty,4 Tms,675,7.00%,16.70%,0.42,0.247,0.323,0.394,0.717,0.147,5,0.277,-1.3,-0.9,-0.1,0,80,-2.9,0.312,94
336,José Pirela,2 Tms,841,7.00%,19.90%,0.35,0.263,0.318,0.404,0.722,0.141,4.5,0.315,-3.1,-0.6,0.2,-1,97,-3.6,0.312,94
337,Amed Rosario,5 Tms,3713,4.30%,19.60%,0.22,0.273,0.308,0.398,0.706,0.125,6.5,0.327,7.8,-5,15.7,3.2,410,-35.1,0.304,94
338,Jon Berti,2 Tms,722,10.90%,24.20%,0.45,0.247,0.341,0.362,0.703,0.115,6.6,0.322,8.4,0.7,5.9,2.6,86,-3.5,0.312,94
339,Jonathan Schoop,4 Tms,3152,4.80%,21.90%,0.22,0.255,0.298,0.428,0.726,0.173,3.2,0.293,3,-8.8,-4.1,-1,364,-15.7,0.31,94
340,Connor Wong,BOS,960,5.80%,28.20%,0.21,0.256,0.311,0.404,0.715,0.148,4.9,0.343,0.7,1.7,1.6,-2.1,112,-2.3,0.311,94
341,Daniel Robertson,3 Tms,945,11.70%,25.70%,0.46,0.227,0.338,0.345,0.683,0.117,3.1,0.301,0.3,-2,1.6,-1.8,105,-9.6,0.307,94
342,Josh Smith,TEX,1077,9.20%,21.00%,0.44,0.229,0.323,0.347,0.67,0.118,4.2,0.278,-0.4,1.3,0.7,-0.7,117,-9.7,0.301,94
343,Dylan Carlson,2 Tms,1746,9.00%,23.20%,0.39,0.237,0.317,0.376,0.693,0.139,4.2,0.294,2.7,1.3,3.8,-1.5,195,-12.6,0.304,94
344,Tyler Naquin,3 Tms,1446,5.60%,24.60%,0.23,0.257,0.304,0.432,0.736,0.175,4.1,0.314,3.8,0.6,4.5,-2.3,172,-1.8,0.314,94
345,Will Benson,2 Tms,778,10.70%,35.50%,0.3,0.223,0.311,0.413,0.724,0.19,7.6,0.331,-1.1,1.3,-1.3,1.6,94,1.3,0.315,94
346,CJ Abrams,2 Tms,1518,5.10%,19.50%,0.26,0.246,0.302,0.402,0.704,0.156,7.6,0.284,3.2,1.7,4.9,6.6,169,-10.5,0.305,94
347,Tim Anderson,2 Tms,3618,3.80%,23.10%,0.16,0.277,0.308,0.408,0.716,0.131,5.6,0.342,13.9,-4.1,8.6,6.7,412,-24.8,0.308,94
348,Luis García Jr.,WSN,1773,4.60%,17.00%,0.27,0.27,0.302,0.41,0.712,0.14,4.7,0.306,-2.4,-0.6,-0.1,-2,200,-11.1,0.306,94
349,Kole Calhoun,LAA,1838,10.60%,23.30%,0.45,0.229,0.315,0.411,0.726,0.182,4,0.265,-2.3,-0.6,-1.3,0.3,212,-12.1,0.31,94
350,Mike Ford,6 Tms,781,10.00%,26.00%,0.38,0.205,0.298,0.402,0.7,0.197,1.4,0.232,-2.6,0.9,-2.9,-0.9,87,-7.9,0.303,93
351,Hunter Dozier,KCR,2294,8.30%,26.70%,0.31,0.238,0.305,0.421,0.727,0.183,5,0.3,-8.3,-2.3,1.7,-2.7,270,-6.2,0.312,93
352,Jake Marisnick,5 Tms,1126,6.00%,32.70%,0.18,0.231,0.293,0.426,0.719,0.195,6.7,0.312,5.3,0.4,2.1,1,126,-10.2,0.306,93
353,Nick Solak,3 Tms,974,7.60%,20.20%,0.38,0.252,0.327,0.372,0.7,0.12,4.7,0.302,3.7,-0.2,1.4,-0.4,113,-6,0.308,93
354,Edward Olivares,3 Tms,967,5.90%,18.70%,0.31,0.254,0.306,0.407,0.714,0.153,4.5,0.286,1.9,0.5,2.3,-3.2,111,-4.8,0.309,93
355,Adam Duvall,2 Tms,1413,6.90%,26.90%,0.26,0.233,0.294,0.461,0.756,0.229,3.4,0.268,0,5.3,4,-1.4,171,-0.3,0.318,93
356,Joey Bart,2 Tms,785,6.90%,32.00%,0.22,0.235,0.306,0.38,0.686,0.145,3.4,0.327,-1.4,1.2,-2.9,-1.1,86,-6.2,0.303,93
357,Kevin Kiermaier,TBR,1817,7.40%,23.90%,0.31,0.243,0.307,0.399,0.707,0.157,7.3,0.303,9.5,4,18.5,1.6,199,-23.1,0.303,93
358,Yairo Muñoz,3 Tms,626,6.40%,20.90%,0.31,0.268,0.319,0.396,0.716,0.128,4.3,0.323,-2,0.9,-0.8,-0.9,70,-5,0.307,93
359,Thairo Estrada,2 Tms,1705,4.60%,20.10%,0.23,0.251,0.3,0.394,0.694,0.143,5.6,0.291,5.7,2.6,3.4,2,186,-16.1,0.302,93
360,Odúbel Herrera,PHI,1988,6.00%,20.10%,0.3,0.26,0.31,0.419,0.728,0.159,4.5,0.303,1.8,2.6,1.5,-0.1,232,-6.3,0.312,93
361,Paul DeJong,5 Tms,3292,7.20%,27.50%,0.26,0.229,0.295,0.419,0.714,0.19,3.2,0.276,-1.7,2.5,-6.8,-4,371,-26.1,0.306,93
362,Scott Schebler,3 Tms,1091,8.40%,24.60%,0.34,0.229,0.309,0.436,0.744,0.206,3.4,0.263,0.6,1.2,1.8,-1.3,130,-0.7,0.318,93
363,Nick Williams,2 Tms,916,6.20%,27.80%,0.22,0.251,0.312,0.415,0.727,0.164,4,0.323,-1.1,1.1,-0.7,-1.4,106,-3.6,0.313,93
364,Luis Campusano,SDP,565,5.70%,15.20%,0.37,0.25,0.297,0.387,0.684,0.137,1.8,0.268,-3,-2.7,-2.3,-0.9,60,-6.6,0.298,92
365,Miguel Rojas,MIA,1503,6.60%,12.00%,0.55,0.276,0.331,0.377,0.708,0.102,3.7,0.302,-2.4,-4.9,-1.4,-0.8,169,-14.6,0.306,92
366,Austin Barnes,LAD,1071,11.80%,23.00%,0.51,0.23,0.336,0.362,0.699,0.132,4.6,0.288,0.1,-1.8,0.6,0.6,121,-9,0.308,92
367,Josh Rojas,2 Tms,2113,10.00%,22.80%,0.44,0.247,0.323,0.362,0.685,0.115,5.2,0.313,10,2.5,1.6,3.3,232,-19.3,0.303,92
368,Ezequiel Duran,TEX,944,5.20%,25.10%,0.21,0.257,0.302,0.388,0.69,0.13,4.2,0.327,-5,1.4,-2.3,-1.8,102,-9.9,0.301,92
369,Enrique Hernández,2 Tms,2907,9.00%,19.40%,0.46,0.237,0.31,0.409,0.719,0.171,3.8,0.267,8.2,-0.3,9.1,-1.1,333,-17.6,0.309,92
370,Bryson Stott,PHI,1677,7.60%,16.80%,0.45,0.256,0.315,0.381,0.695,0.125,5.9,0.289,3.6,1.1,4.1,8.1,186,-11.8,0.304,92
371,David Bote,CHC,1213,9.50%,26.70%,0.35,0.234,0.318,0.392,0.711,0.159,3.9,0.298,2.9,-3,1.6,-1.2,140,-7.4,0.309,92
372,Kevan Smith,2 Tms,692,5.10%,14.60%,0.35,0.276,0.322,0.387,0.709,0.111,2.4,0.309,-3.4,-3,-4.8,0.2,77,-6.8,0.307,92
373,Matt Davidson,4 Tms,1023,7.60%,34.80%,0.22,0.218,0.285,0.429,0.715,0.211,1.3,0.287,-5,-0.6,-5.6,-1.3,112,-10.3,0.306,91
374,MJ Melendez,KCR,1587,10.30%,26.10%,0.39,0.221,0.303,0.397,0.7,0.177,3.9,0.272,-1,3.2,2.1,-4.3,177,-10.5,0.305,91
375,Mallex Smith,2 Tms,1439,7.90%,21.80%,0.36,0.258,0.326,0.36,0.687,0.102,8.1,0.333,8.8,1.1,11.6,9,154,-20.8,0.302,91
376,Will Brennan,CLE,853,4.30%,12.80%,0.34,0.27,0.308,0.377,0.685,0.107,4.4,0.297,0.2,1.2,-0.1,-1,90,-12.1,0.298,91
377,Jonah Bride,2 Tms,565,10.60%,19.30%,0.55,0.232,0.325,0.342,0.667,0.11,1.6,0.27,-2.2,-0.9,-1.7,-1.6,60,-6,0.299,91
378,Chris Davis,BAL,524,11.60%,37.20%,0.31,0.215,0.309,0.423,0.732,0.208,2.7,0.301,-1.3,0.9,-2.2,-0.5,60,-3.9,0.312,91
379,Nicky Delmonico,CHW,574,9.80%,24.00%,0.41,0.224,0.312,0.384,0.696,0.159,4,0.272,-0.6,-1.5,0.9,-1,63,-6.2,0.304,91
380,Manny Piña,MIL,696,5.90%,20.30%,0.29,0.266,0.317,0.41,0.727,0.145,3.9,0.312,-3.1,-2.2,-2.9,0.4,80,-3.2,0.312,91
381,Santiago Espinal,2 Tms,1448,7.20%,14.10%,0.51,0.266,0.321,0.364,0.685,0.099,3.6,0.299,3.2,-0.3,1.5,-0.5,158,-12.8,0.302,91
382,Harrison Bader,4 Tms,2545,6.90%,23.90%,0.29,0.242,0.306,0.392,0.698,0.15,6.3,0.295,9.4,5.2,9.7,5.6,276,-29.5,0.301,90
383,Jonathan Villar,7 Tms,2597,8.20%,26.60%,0.31,0.252,0.315,0.393,0.708,0.141,6,0.325,10.1,2,5.8,10.8,294,-21.8,0.307,90
384,Aaron Altherr,3 Tms,763,9.30%,28.80%,0.32,0.222,0.305,0.419,0.724,0.197,4.9,0.282,0.6,-2.3,1.1,-1.3,87,-4.9,0.311,90
385,Dwight Smith Jr.,2 Tms,568,7.20%,21.80%,0.33,0.248,0.31,0.416,0.726,0.168,4.9,0.292,-0.6,-0.3,0.8,0.7,65,-5.2,0.309,90
386,Daniel Palka,CHW,542,7.00%,34.70%,0.2,0.218,0.277,0.433,0.71,0.216,3.5,0.282,-0.5,-0.1,-1,-0.7,58,-6.5,0.302,90
387,Masyn Winn,STL,774,6.60%,17.40%,0.38,0.251,0.299,0.385,0.684,0.134,5.1,0.285,0.6,0.8,3.6,-1.2,82,-9.5,0.297,90
388,Mike Tauchman,3 Tms,667,12.00%,27.00%,0.44,0.231,0.326,0.378,0.704,0.147,5.3,0.304,2.3,-0.7,2.4,0.8,76,-6.1,0.307,90
389,Phillip Ervin,2 Tms,660,8.50%,24.20%,0.35,0.247,0.322,0.406,0.728,0.159,6.2,0.308,4.2,0.2,2,0.5,78,-2.4,0.314,90
390,Bobby Dalbec,BOS,1044,7.60%,36.80%,0.21,0.222,0.29,0.425,0.714,0.203,5,0.313,-2.8,3.1,-0.6,0.9,120,-4.4,0.307,90
391,Yan Gomes,2 Tms,1176,7.70%,25.70%,0.3,0.242,0.312,0.415,0.727,0.173,2,0.297,-3.1,0.1,-3.4,-0.2,135,-7.4,0.311,90
392,Bryan De La Cruz,2 Tms,1822,5.80%,25.00%,0.23,0.253,0.297,0.407,0.704,0.155,2.9,0.309,-1.4,-3.2,-4.8,-1.4,203,-13.4,0.304,90
393,Victor Robles,2 Tms,2096,6.20%,22.50%,0.28,0.247,0.321,0.37,0.691,0.122,6.7,0.311,1.6,3.2,6.1,6.9,232,-21.4,0.303,90
394,Luis Guillorme,4 Tms,1010,11.30%,16.50%,0.68,0.251,0.336,0.322,0.658,0.071,3.2,0.303,-1.7,-3.5,-0.5,-1.4,105,-14.2,0.296,90
395,Johan Camargo,3 Tms,1359,7.40%,20.90%,0.35,0.254,0.313,0.407,0.72,0.153,2.7,0.301,-0.4,0.2,1,-0.9,154,-8.7,0.309,90
396,Brandon Crawford,SFG,1164,7.90%,20.20%,0.39,0.254,0.315,0.398,0.714,0.145,2.6,0.298,0.8,0.2,1.6,-3.4,125,-13.6,0.304,90
397,Rob Refsnyder,6 Tms,569,10.50%,24.60%,0.43,0.235,0.325,0.348,0.673,0.113,3.7,0.304,2.1,-0.3,0.4,-0.9,60,-7.4,0.3,89
398,Ke'Bryan Hayes,PIT,1972,7.00%,20.70%,0.34,0.258,0.313,0.385,0.698,0.127,5.5,0.312,1.9,-1.1,3.8,1.8,220,-14.3,0.304,89
399,Bo Naylor,CLE,627,9.40%,28.70%,0.33,0.211,0.288,0.388,0.676,0.177,4.6,0.262,0.8,1.2,0.8,0,65,-9.6,0.294,89
400,Andrelton Simmons,2 Tms,2249,6.50%,10.00%,0.65,0.269,0.32,0.376,0.696,0.107,4.4,0.287,5.8,-9.3,1.7,2.7,244,-28.5,0.303,89
401,Gavin Sheets,CHW,1434,7.90%,20.80%,0.38,0.23,0.295,0.385,0.68,0.155,1.6,0.262,-4.6,-0.2,-4.1,-2.2,150,-19.4,0.296,89
402,Ryan McMahon,COL,3423,10.30%,28.70%,0.36,0.243,0.324,0.422,0.746,0.179,3.4,0.315,2.5,-1.6,-0.1,-5.8,432,21.7,0.322,89
403,Manuel Margot,3 Tms,3154,6.90%,17.60%,0.39,0.254,0.307,0.38,0.687,0.126,5.7,0.294,7.3,2.1,10.2,-0.4,331,-48.4,0.298,89
404,Akil Baddoo,DET,1125,10.60%,26.80%,0.39,0.226,0.307,0.372,0.68,0.146,6.6,0.294,6.2,1.2,6.8,1.7,120,-15.1,0.298,89
405,Jose Siri,2 Tms,1186,6.10%,35.80%,0.17,0.21,0.266,0.408,0.674,0.199,7,0.282,6.2,2,6.3,1.9,119,-21.3,0.29,89
406,Victor Caratini,4 Tms,1847,8.90%,21.20%,0.42,0.241,0.32,0.364,0.685,0.123,1.8,0.287,-5.9,-7.1,-9.3,-2.6,199,-22.3,0.3,89
407,Kevin Plawecki,4 Tms,1017,8.40%,18.20%,0.46,0.245,0.323,0.364,0.688,0.12,2.5,0.288,-5.3,-3.8,-4.1,-1.2,111,-10.9,0.303,89
408,Jorge Bonifacio,3 Tms,819,8.70%,27.80%,0.31,0.242,0.312,0.393,0.705,0.152,2.9,0.316,0.8,1.6,0.1,-1.1,90,-8.5,0.306,89
409,Riley Adams,2 Tms,563,8.50%,29.50%,0.29,0.224,0.304,0.378,0.682,0.154,2.9,0.306,-0.6,-0.5,0,-0.9,61,-6,0.299,89
410,José Caballero,2 Tms,763,7.20%,26.10%,0.28,0.225,0.305,0.338,0.643,0.113,6.9,0.296,0.7,1,1.1,4.8,75,-16.1,0.287,88
411,Greg Garcia,2 Tms,941,12.40%,21.50%,0.58,0.24,0.346,0.328,0.674,0.088,3.8,0.308,2,1.6,2.2,-1.2,103,-12.7,0.303,88
412,Stuart Fairchild,4 Tms,615,8.30%,27.00%,0.31,0.224,0.308,0.389,0.697,0.165,6.6,0.287,1.7,0.6,0.5,1.2,70,-3.4,0.307,88
413,Jose Iglesias,5 Tms,2144,3.90%,12.80%,0.31,0.278,0.313,0.401,0.714,0.123,4.3,0.307,5.7,-0.7,4,-2.3,242,-19.2,0.307,88
414,Nick Madrigal,2 Tms,940,4.60%,9.00%,0.51,0.274,0.323,0.344,0.667,0.07,4.8,0.3,-3.4,-1.3,-2.7,-0.4,99,-13.9,0.296,88
415,Kevin Pillar,4 Tms,2042,4.00%,15.80%,0.25,0.259,0.295,0.425,0.72,0.166,5.5,0.283,10.7,0.9,4.9,1.8,225,-24,0.305,88
416,Brandon Drury,7 Tms,2601,6.00%,23.50%,0.25,0.238,0.291,0.415,0.706,0.177,2.5,0.28,-3.8,-1,-4,-4.5,284,-28.2,0.303,88
417,Christian Vázquez,2 Tms,2248,6.00%,17.90%,0.33,0.266,0.313,0.398,0.711,0.132,3.6,0.306,-16.6,-7.3,-14.9,-2.7,254,-17.6,0.307,88
418,Sal Frelick,MIL,747,9.00%,15.40%,0.58,0.255,0.326,0.339,0.665,0.084,6.3,0.3,1.9,0.5,2.1,2.2,79,-9.3,0.297,88
419,Gregory Polanco,PIT,1669,8.90%,23.70%,0.38,0.231,0.301,0.413,0.714,0.182,5.5,0.271,-0.9,1.4,1.1,4.5,183,-18.9,0.304,88
420,Nomar Mazara,4 Tms,2122,7.40%,22.60%,0.33,0.253,0.314,0.413,0.726,0.159,3,0.303,-2.5,1.6,-2.9,-1.6,246,-11,0.311,88
421,Ehire Adrianza,2 Tms,1098,8.40%,19.30%,0.43,0.252,0.319,0.381,0.7,0.13,5.5,0.299,1.8,2.2,2.7,0.4,120,-12.9,0.303,88
422,Jacob Stallings,PIT,837,10.20%,21.00%,0.48,0.251,0.33,0.368,0.698,0.117,1.4,0.306,-1.9,0.1,-3.3,-0.7,94,-8.5,0.305,88
423,Jorge Alfaro,5 Tms,1693,4.20%,33.80%,0.12,0.254,0.303,0.396,0.699,0.142,3.7,0.367,-6.8,-0.9,-5,0.3,183,-21.7,0.301,88
424,James McCann,3 Tms,1847,6.60%,26.40%,0.25,0.247,0.305,0.393,0.699,0.146,2.4,0.313,-3.9,-1.7,-3.9,-2.7,201,-24,0.301,87
425,Cameron Maybin,4 Tms,834,10.70%,20.30%,0.53,0.237,0.322,0.351,0.673,0.114,5.8,0.289,1.3,-0.5,3,2.6,86,-14.1,0.298,87
426,Ender Inciarte,2 Tms,1836,7.80%,14.60%,0.53,0.27,0.329,0.38,0.71,0.111,5.7,0.305,8.8,3.3,10.1,0.8,207,-14.4,0.309,87
427,Willie Calhoun,4 Tms,1339,7.70%,14.50%,0.53,0.241,0.303,0.399,0.703,0.159,2.2,0.254,-5.2,0.2,-6.1,-2.6,148,-14.3,0.303,87
428,Emmanuel Rivera,4 Tms,1042,7.60%,22.00%,0.34,0.244,0.306,0.369,0.676,0.125,3.8,0.297,0.8,-1.5,-0.8,-1.2,110,-13,0.297,87
429,David Dahl,4 Tms,1074,6.00%,26.80%,0.22,0.257,0.303,0.45,0.754,0.193,5,0.319,0.3,2.9,1.3,-1.6,132,0.8,0.317,87
430,Keibert Ruiz,2 Tms,1584,5.20%,11.00%,0.48,0.249,0.296,0.382,0.677,0.133,2.5,0.256,-7.5,-1,-5.9,-1.5,165,-22.7,0.295,87
431,Jake Meyers,HOU,1177,6.60%,26.30%,0.25,0.228,0.292,0.371,0.662,0.143,5.2,0.29,3,2.1,3.7,0,118,-21.5,0.29,87
432,Kyle Farmer,2 Tms,1476,5.10%,19.40%,0.26,0.254,0.311,0.393,0.704,0.138,3.4,0.294,-1,-2.6,-0.9,-1.9,166,-9.7,0.306,87
433,Miguel Amaya,CHC,519,6.70%,19.70%,0.34,0.227,0.3,0.357,0.657,0.131,2.3,0.261,0.7,-0.1,-2,-1,53,-9,0.291,87
434,Jason Kipnis,CLE,974,9.00%,18.80%,0.48,0.231,0.306,0.398,0.704,0.167,3.8,0.257,1.6,3.9,1.9,0.8,106,-9.6,0.305,87
435,Jordy Mercer,PIT,994,8.40%,17.60%,0.47,0.253,0.321,0.395,0.716,0.142,2.8,0.293,1.7,-1.8,2.4,-1.8,107,-12.4,0.303,87
436,Jared Triolo,PIT,655,10.10%,27.60%,0.36,0.242,0.325,0.341,0.666,0.099,4.5,0.327,-0.5,1.7,-0.3,0.6,70,-7.3,0.299,86
437,Brendan Rodgers,COL,1829,6.10%,21.40%,0.28,0.266,0.316,0.409,0.726,0.144,2.9,0.32,2,-4.2,0.2,-2.1,220,4,0.315,86
438,Michael Massey,KCR,1011,4.70%,19.90%,0.24,0.242,0.287,0.404,0.691,0.162,4,0.272,1.4,2.2,1.9,-0.3,107,-13,0.298,86
439,Francisco Mejía,3 Tms,1098,4.60%,21.80%,0.21,0.239,0.284,0.394,0.678,0.155,3.1,0.283,-1.7,-0.7,0.5,-1.4,110,-21.9,0.291,86
440,Nick Gonzales,PIT,515,4.70%,21.40%,0.22,0.255,0.3,0.386,0.686,0.131,4.5,0.31,-0.4,0.6,1.3,-1.5,55,-6.3,0.297,86
441,Mauricio Dubón,3 Tms,1660,4.60%,15.20%,0.31,0.261,0.296,0.378,0.674,0.117,4,0.29,0.3,-1.5,0.2,-3.4,168,-31.1,0.292,86
442,Jarred Kelenic,2 Tms,1423,8.80%,30.40%,0.29,0.213,0.284,0.379,0.663,0.167,4.8,0.278,1.5,0.2,4.1,-1,140,-29.1,0.288,86
443,Christian Arroyo,4 Tms,992,5.10%,21.70%,0.24,0.252,0.299,0.394,0.693,0.142,3.3,0.303,-2,-1.6,0.1,-1.8,105,-13.3,0.299,86
444,Gerardo Parra,COL,868,6.00%,16.40%,0.37,0.296,0.342,0.411,0.753,0.115,3.6,0.338,-2.7,-0.6,-1.9,-1.7,109,5,0.325,86
445,Mikie Mahtook,DET,654,7.00%,23.90%,0.29,0.237,0.3,0.402,0.702,0.165,6.2,0.284,-0.2,1.8,1.2,1.2,70,-9,0.302,86
446,Hanser Alberto,5 Tms,1315,2.60%,11.30%,0.23,0.279,0.302,0.4,0.703,0.122,4,0.3,3.3,-1.6,3.8,-1.9,143,-18.4,0.3,86
447,Elvis Andrus,TEX,1876,5.80%,14.80%,0.39,0.274,0.317,0.412,0.73,0.138,5.7,0.303,10.5,-3.9,4.6,2.4,219,-10.7,0.312,86
448,David Fletcher,2 Tms,2189,6.20%,9.50%,0.65,0.276,0.323,0.358,0.681,0.082,4.4,0.301,2.8,-1.1,0.8,1,233,-33.2,0.298,85
449,Freddy Galvis,5 Tms,2461,6.40%,20.70%,0.31,0.25,0.302,0.401,0.703,0.151,4.2,0.292,-0.1,1.3,1,-1.7,265,-34.5,0.301,85
450,Eric Haase,3 Tms,1147,6.30%,30.10%,0.21,0.228,0.277,0.399,0.676,0.171,3.4,0.289,-1.6,-2.9,-2.8,-0.4,115,-21.6,0.292,85
451,Carson Kelly,4 Tms,1788,9.70%,20.50%,0.48,0.225,0.308,0.375,0.683,0.15,2.2,0.257,-0.7,-3.4,-6.5,-1.2,189,-25.7,0.297,85
452,Cory Spangenberg,3 Tms,917,7.10%,29.70%,0.24,0.25,0.309,0.382,0.691,0.133,5.9,0.344,4.2,2.1,3.2,1.8,96,-14.4,0.3,85
453,Nick Gordon,2 Tms,1027,4.20%,23.20%,0.18,0.244,0.283,0.386,0.669,0.142,5.1,0.298,1.4,-1.2,0.8,-0.9,102,-18.5,0.29,85
454,Geraldo Perdomo,ARI,1420,11.00%,17.80%,0.62,0.235,0.327,0.33,0.657,0.095,6.1,0.284,6,4.2,5.8,1.5,148,-19.6,0.296,85
455,Jonah Heim,2 Tms,1768,7.10%,18.90%,0.37,0.228,0.285,0.381,0.666,0.153,2.8,0.252,-1.9,-0.5,-4.2,-1.5,176,-34,0.29,85
456,Niko Goodrum,3 Tms,1531,9.00%,31.30%,0.29,0.226,0.299,0.389,0.688,0.163,5.9,0.312,7.5,0.5,8.5,2.9,161,-24.6,0.297,85
457,Jake Cave,3 Tms,1564,6.30%,30.80%,0.2,0.236,0.292,0.4,0.692,0.164,5.4,0.319,1.9,2.8,3.5,-1.4,166,-21.2,0.298,85
458,Leody Taveras,TEX,1743,6.90%,24.10%,0.29,0.24,0.293,0.371,0.664,0.131,6.1,0.3,4.1,3.4,5.5,4.2,174,-34,0.29,85
459,Christian Bethancourt,3 Tms,672,3.70%,25.90%,0.14,0.238,0.267,0.392,0.659,0.155,4,0.291,-1.1,-0.8,-1.5,0.1,63,-16.5,0.284,85
460,Blake Perkins,MIL,602,10.80%,25.60%,0.42,0.234,0.318,0.337,0.655,0.103,6,0.307,1.5,0.4,1.7,1.5,61,-9.7,0.292,85
461,Carlos González,COL,534,10.50%,22.30%,0.47,0.262,0.339,0.423,0.762,0.162,3.2,0.318,-1.4,0.6,-1.8,0.3,68,2.7,0.327,85
462,Tim Locastro,4 Tms,616,5.80%,20.30%,0.29,0.228,0.327,0.337,0.664,0.109,8,0.281,2.8,2.1,2.1,6.4,67,-9.2,0.299,85
463,Jacob Young,WSN,642,6.20%,19.30%,0.32,0.256,0.317,0.332,0.65,0.077,6.9,0.32,1.3,0.4,4.2,3.9,65,-11,0.29,85
464,Danny Santana,4 Tms,911,5.80%,28.20%,0.21,0.24,0.29,0.447,0.738,0.207,7.3,0.297,3.2,1.4,5.5,2.7,105,-7.9,0.308,84
465,Aristides Aquino,CIN,762,8.70%,33.50%,0.26,0.211,0.285,0.434,0.719,0.223,3.9,0.264,1.7,1.9,1.3,-0.1,86,-5.5,0.305,84
466,Tommy Joseph,PHI,533,6.20%,24.20%,0.26,0.24,0.289,0.432,0.721,0.192,2.2,0.28,-1.3,-3,-0.9,-0.1,58,-7,0.305,84
467,Adalberto Mondesi,KCR,1217,4.40%,29.90%,0.15,0.251,0.285,0.423,0.708,0.171,9,0.336,3.7,1.9,8,13.5,131,-18.3,0.3,84
468,Yolmer Sánchez,3 Tms,1816,7.60%,21.10%,0.36,0.25,0.313,0.366,0.679,0.116,5.2,0.311,1.9,2.3,6.8,-4.4,186,-34.2,0.296,84
469,Anthony Volpe,NYY,1290,7.30%,25.00%,0.29,0.228,0.288,0.373,0.661,0.145,6.8,0.284,2.7,-0.5,5.2,3.3,127,-26.7,0.289,84
470,Sam Hilliard,2 Tms,875,9.60%,34.10%,0.28,0.219,0.296,0.438,0.735,0.219,7,0.291,1.6,2.2,2.6,2.8,105,-0.3,0.313,84
471,Jake Bauers,5 Tms,1744,11.20%,29.20%,0.38,0.208,0.302,0.361,0.662,0.153,4.4,0.274,-0.7,5,-2.3,-0.9,175,-35.1,0.291,84
472,Michael A. Taylor,2 Tms,1997,7.00%,28.40%,0.25,0.247,0.302,0.389,0.691,0.142,5.7,0.327,5.9,2,5.3,2.4,211,-27.1,0.299,84
473,Willians Astudillo,2 Tms,588,1.90%,4.80%,0.39,0.267,0.291,0.396,0.687,0.128,2.5,0.256,-2.5,-3.2,-2.7,-0.2,60,-11.1,0.294,84
474,Ezequiel Tovar,COL,1345,3.70%,27.90%,0.13,0.26,0.29,0.437,0.728,0.177,4.8,0.334,-0.3,0.4,1.8,-2.7,157,-3.6,0.311,84
475,Nick Maton,3 Tms,514,11.30%,27.80%,0.41,0.205,0.303,0.357,0.659,0.151,3.7,0.262,1.3,1.6,1,-0.9,52,-10.3,0.292,83
476,Dee Strange-Gordon,2 Tms,1704,3.10%,13.70%,0.22,0.286,0.314,0.362,0.676,0.076,7.6,0.327,8.1,0.1,12.3,7.5,169,-37,0.293,83
477,Rodolfo Castro,2 Tms,627,8.10%,27.90%,0.29,0.219,0.292,0.38,0.672,0.161,3.6,0.275,-1.6,-0.2,0.9,-2.5,64,-10.1,0.295,83
478,John Hicks,2 Tms,866,5.50%,29.10%,0.19,0.242,0.286,0.412,0.697,0.17,2.4,0.309,-3.4,-1.7,-2.2,-1.1,90,-15.5,0.297,83
479,José Osuna,PIT,705,4.80%,17.90%,0.27,0.241,0.28,0.43,0.71,0.189,3.2,0.262,-0.6,-1.5,-1.6,-0.7,75,-12.1,0.299,83
480,Josh Harrison,2 Tms,1063,4.90%,17.40%,0.28,0.25,0.306,0.384,0.69,0.133,4.7,0.283,1.4,1.9,3.1,0.6,110,-18.2,0.298,83
481,Mickey Moniak,2 Tms,908,4.50%,32.30%,0.14,0.23,0.272,0.402,0.673,0.172,5.1,0.31,0.6,1.4,1.2,-1.1,90,-17.5,0.29,83
482,Isiah Kiner-Falefa,4 Tms,2911,5.60%,15.60%,0.36,0.262,0.313,0.351,0.664,0.089,5.4,0.303,5.7,-7.7,7,2.8,295,-52.6,0.292,83
483,Ronald Guzmán,2 Tms,832,8.80%,29.20%,0.3,0.225,0.302,0.41,0.712,0.186,3.2,0.287,-2.1,-0.3,-1.5,-0.7,93,-8,0.306,83
484,Tyler Freeman,CLE,637,6.60%,14.80%,0.45,0.223,0.304,0.329,0.632,0.105,5.1,0.248,0.2,0.1,1.7,-0.2,60,-14.9,0.283,83
485,Matt Thaiss,LAA,771,12.60%,29.30%,0.43,0.208,0.313,0.342,0.655,0.134,2.9,0.276,-1.4,-0.7,-3.8,0,78,-15.4,0.292,83
486,Nick Ahmed,ARI,2057,7.50%,20.00%,0.37,0.242,0.3,0.402,0.702,0.16,5,0.282,6,-2,8.2,-0.8,220,-30.9,0.299,83
487,Victor Reyes,DET,1280,3.80%,22.40%,0.17,0.264,0.294,0.379,0.673,0.114,6.5,0.332,1.6,-1,2.4,1.9,128,-26.3,0.29,82
488,Leury García,CHW,2071,4.60%,21.60%,0.21,0.263,0.304,0.369,0.673,0.106,5.7,0.326,8.3,2.2,6.5,1.6,209,-41.8,0.292,82
489,Chance Sisco,2 Tms,608,10.20%,32.20%,0.32,0.197,0.317,0.337,0.654,0.139,2,0.282,-2.3,0.7,-3.3,-0.6,63,-11.2,0.295,82
490,Jackie Bradley Jr.,2 Tms,2288,8.80%,26.00%,0.34,0.225,0.307,0.385,0.692,0.159,5.4,0.285,7.9,4.7,6,2.1,244,-34.8,0.299,82
491,Franchy Cordero,4 Tms,797,8.30%,34.90%,0.24,0.217,0.283,0.395,0.678,0.177,5.5,0.31,4.8,3.1,3.1,0,80,-14,0.293,82
492,Max Stassi,2 Tms,1227,9.60%,29.40%,0.33,0.208,0.294,0.36,0.654,0.152,1.9,0.269,-5.1,-3.2,-5.3,-0.9,120,-25.9,0.289,82
493,Addison Russell,CHC,1091,8.20%,22.70%,0.36,0.243,0.31,0.379,0.689,0.136,4.3,0.298,3.2,1.4,3.8,0.6,112,-19.2,0.297,82
494,Esteury Ruiz,3 Tms,598,4.20%,21.10%,0.2,0.243,0.297,0.343,0.641,0.1,6.9,0.303,1,1,1.1,5.7,56,-16.7,0.283,82
495,Óscar Mercado,3 Tms,973,6.20%,19.10%,0.32,0.237,0.289,0.388,0.677,0.151,5.9,0.27,5.1,1.5,3.8,1.8,98,-21.3,0.291,82
496,Abraham Toro,4 Tms,1298,6.70%,17.60%,0.38,0.22,0.285,0.353,0.638,0.133,4.2,0.244,-2.6,2.2,-0.6,-1.5,120,-34.4,0.28,82
497,Greg Bird,NYY,522,10.50%,26.10%,0.4,0.194,0.287,0.388,0.675,0.194,1.5,0.221,-2.6,1.5,-2.5,-0.3,51,-10.7,0.292,81
498,Jake Rogers,DET,957,7.70%,32.80%,0.24,0.202,0.269,0.394,0.663,0.192,3.8,0.26,0.1,0.9,0.6,-1,92,-23.4,0.286,81
499,Jace Peterson,4 Tms,932,12.60%,23.40%,0.54,0.221,0.325,0.339,0.663,0.118,5.8,0.283,2.1,1,2.2,3.4,96,-16.6,0.296,81
500,Raimel Tapia,5 Tms,1986,5.90%,18.70%,0.32,0.274,0.318,0.39,0.708,0.116,6.2,0.328,9.2,1.2,8.4,3.1,225,-15.5,0.307,81
501,Tucker Barnhart,2 Tms,2115,9.70%,21.20%,0.46,0.243,0.322,0.364,0.685,0.121,2,0.297,-10.1,-0.9,-7.7,-2.1,223,-31.2,0.298,81
502,Joe Panik,4 Tms,1854,8.20%,10.40%,0.79,0.253,0.318,0.351,0.67,0.098,3.5,0.272,-5,-0.9,-4.3,-0.5,186,-40.7,0.292,81
503,Guillermo Heredia,5 Tms,1459,8.10%,20.40%,0.4,0.229,0.307,0.348,0.655,0.119,2.7,0.277,6,1.9,3.1,-4.3,142,-34.6,0.289,81
504,Yangervis Solarte,3 Tms,1096,6.60%,13.60%,0.48,0.238,0.293,0.391,0.684,0.153,2,0.246,-4,-6,-4.9,-1,109,-22.6,0.293,81
505,Johan Rojas,PHI,527,3.40%,21.10%,0.16,0.261,0.298,0.355,0.653,0.094,8.4,0.329,0.5,0.9,3.2,4.8,52,-10.8,0.287,81
506,Logan Forsythe,2 Tms,855,12.90%,22.50%,0.57,0.228,0.332,0.309,0.641,0.081,2.9,0.296,3.4,-1.2,2.4,-0.2,83,-19.1,0.291,81
507,Devon Travis,TOR,575,4.00%,17.70%,0.23,0.242,0.28,0.4,0.681,0.159,4.5,0.27,0.7,-0.4,0.1,-0.5,56,-11.8,0.292,81
508,Ernie Clement,3 Tms,816,3.70%,11.00%,0.33,0.249,0.282,0.361,0.643,0.112,4.9,0.263,0.9,0.2,1.1,-0.5,75,-20.7,0.28,81
509,Luis Torrens,4 Tms,937,7.60%,25.30%,0.3,0.227,0.289,0.356,0.646,0.129,1.9,0.286,-1.5,-1.1,-0.2,-1.2,86,-26.1,0.282,81
510,Tyler Nevin,3 Tms,591,10.30%,23.70%,0.44,0.204,0.299,0.315,0.615,0.112,2.2,0.251,0.1,-0.4,-1.6,-1.2,53,-16.1,0.278,81
511,Oswaldo Cabrera,NYY,827,7.40%,21.60%,0.34,0.233,0.291,0.352,0.643,0.119,4.5,0.279,0.7,1.1,-0.1,0.1,77,-20.9,0.283,80
512,Harold Castro,2 Tms,1485,3.60%,21.30%,0.17,0.278,0.303,0.366,0.669,0.087,3.3,0.345,0.3,-0.1,-1.1,-1.7,147,-31.8,0.29,80
513,Michael Chavis,3 Tms,1186,5.40%,31.90%,0.17,0.238,0.283,0.401,0.685,0.164,4.1,0.319,-1.7,-0.2,-0.7,-0.9,121,-22,0.293,80
514,Pablo Sandoval,2 Tms,531,6.60%,19.80%,0.33,0.233,0.286,0.391,0.677,0.157,1.7,0.259,-0.4,-2.7,-1.6,-0.7,51,-12.3,0.29,80
515,Adeiny Hechavarría,6 Tms,953,4.90%,19.40%,0.25,0.251,0.289,0.387,0.676,0.136,4.8,0.29,0.8,1,2.1,0.4,91,-24.2,0.288,80
516,Reese McGuire,3 Tms,1038,5.80%,22.20%,0.26,0.252,0.3,0.364,0.664,0.113,3.3,0.314,-3.5,0.2,-2.8,-0.2,103,-21.2,0.29,80
517,Nick Pratto,KCR,527,9.10%,38.70%,0.24,0.216,0.295,0.364,0.659,0.149,2.6,0.34,-1.4,0.4,-0.8,-1,52,-10.8,0.29,79
518,Zach McKinstry,3 Tms,1207,7.80%,23.80%,0.33,0.22,0.285,0.357,0.643,0.137,6.6,0.273,3.5,1.4,5.6,3.3,112,-32.1,0.282,79
519,Mark Trumbo,BAL,603,7.00%,24.70%,0.28,0.234,0.289,0.397,0.686,0.163,2.5,0.278,-0.4,-0.4,-1.8,-0.1,60,-13.2,0.295,79
520,Billy McKinney,7 Tms,943,9.00%,26.80%,0.34,0.209,0.284,0.386,0.669,0.177,3.9,0.252,-5.1,2.8,0,-0.8,92,-22.7,0.287,79
521,Patrick Bailey,SFG,801,7.50%,25.00%,0.3,0.234,0.292,0.348,0.64,0.114,3.6,0.298,-0.7,0.5,0.6,-0.4,74,-21.1,0.282,79
522,Maikel Franco,4 Tms,2550,6.00%,15.60%,0.39,0.239,0.285,0.405,0.69,0.166,1.9,0.25,-3.2,-10.7,-7.7,-0.8,253,-54.9,0.291,79
523,Orlando Arcia,2 Tms,3107,7.00%,20.20%,0.34,0.243,0.297,0.375,0.672,0.132,3.2,0.282,5.4,-6.5,1.4,-2.9,307,-68.1,0.29,79
524,Jorge Mateo,2 Tms,1328,5.20%,25.80%,0.2,0.224,0.27,0.369,0.639,0.145,8.3,0.285,4.6,0.4,7.9,9.1,118,-38.7,0.277,79
525,Ceddanne Rafaela,BOS,660,2.90%,27.10%,0.11,0.246,0.275,0.389,0.664,0.144,6.4,0.315,0.6,0.3,1.7,-1.1,64,-13.4,0.286,79
526,Jo Adell,LAA,1070,6.10%,32.20%,0.19,0.211,0.268,0.381,0.649,0.17,5.1,0.281,0,-0.1,-0.6,-2.5,100,-26.7,0.282,78
527,Christin Stewart,DET,587,8.30%,24.90%,0.34,0.225,0.3,0.376,0.676,0.15,1.7,0.279,-4.8,2.5,-1.2,-0.7,58,-15,0.29,78
528,Albert Almora Jr.,3 Tms,1488,5.40%,18.10%,0.3,0.257,0.299,0.377,0.676,0.12,3.2,0.298,-2.6,-2.7,1.3,-2,147,-32,0.291,78
529,Myles Straw,2 Tms,1980,9.40%,17.70%,0.53,0.244,0.316,0.308,0.625,0.064,6.3,0.299,10.9,2.9,9,8.6,183,-54.2,0.281,78
530,Kevin Newman,3 Tms,2227,5.30%,12.40%,0.43,0.262,0.305,0.36,0.665,0.098,4.9,0.29,4.2,3.2,6.6,0.6,221,-48.6,0.289,78
531,Steven Duggar,3 Tms,846,7.20%,31.00%,0.23,0.236,0.293,0.367,0.66,0.131,6.4,0.335,2.9,2.7,2.8,0.7,80,-22.3,0.285,78
532,Pedro Severino,3 Tms,1203,8.50%,23.80%,0.36,0.232,0.302,0.364,0.667,0.132,2.2,0.285,-6.9,0.1,-3.9,-0.2,119,-27.6,0.289,78
533,Michael Toglia,COL,730,10.00%,33.00%,0.3,0.206,0.287,0.406,0.692,0.2,5.7,0.27,1.4,0,0.1,0.1,79,-7,0.3,78
534,Ryan McKenna,2 Tms,523,8.60%,33.30%,0.26,0.221,0.298,0.328,0.626,0.106,5.2,0.333,4,0.4,3,0.4,47,-14.8,0.279,78
535,Pablo Reyes,4 Tms,572,7.90%,18.20%,0.43,0.248,0.309,0.349,0.658,0.102,4.9,0.294,3.2,0.2,1.9,-0.6,56,-13.2,0.289,78
536,Kyle Isbel,KCR,1100,6.10%,22.30%,0.27,0.231,0.283,0.369,0.653,0.138,7.5,0.285,2.7,0.8,7.5,0.7,105,-25.1,0.284,77
537,Elias Díaz,2 Tms,1634,7.00%,17.80%,0.4,0.244,0.299,0.384,0.683,0.14,2.1,0.275,-4.9,-5.9,-5.7,-1.7,169,-27,0.296,77
538,Rougned Odor,4 Tms,2905,7.20%,26.20%,0.28,0.211,0.28,0.4,0.68,0.189,4.5,0.247,7.7,6.4,8.6,-5.6,288,-62.1,0.291,77
539,Carlos Asuaje,SDP,561,9.30%,21.70%,0.43,0.242,0.315,0.331,0.646,0.089,2,0.306,-1.6,0.1,0.6,-1,53,-14.7,0.287,77
540,Brayan Rocchio,CLE,528,9.10%,22.20%,0.41,0.213,0.295,0.317,0.611,0.103,3.9,0.264,-1.6,-1.1,-1.6,-1.4,46,-16.2,0.274,77
541,Gorkys Hernández,2 Tms,856,7.40%,23.40%,0.32,0.237,0.298,0.356,0.653,0.119,5.4,0.297,3.5,-1.8,3.7,0,78,-24,0.284,76
542,Leonys Martin,4 Tms,755,7.80%,24.90%,0.31,0.22,0.29,0.37,0.659,0.15,5.3,0.268,2.6,1.5,1.4,-2.3,71,-20.5,0.286,76
543,Maikel Garcia,KCR,1164,7.00%,19.20%,0.36,0.251,0.301,0.344,0.645,0.093,7.1,0.303,-0.6,-0.6,3.1,6.1,110,-28.5,0.284,76
544,Travis Jankowski,5 Tms,736,10.90%,20.50%,0.53,0.234,0.322,0.304,0.626,0.07,6.7,0.299,1.3,0.5,4,3.3,67,-20,0.282,76
545,Brice Turang,MIL,1067,8.20%,18.70%,0.44,0.239,0.303,0.328,0.631,0.089,6.9,0.287,1.5,0,1.2,9,98,-29,0.281,76
546,Austin Romine,2 Tms,892,5.30%,24.80%,0.21,0.246,0.287,0.374,0.661,0.128,2.3,0.306,-3.6,-3.5,-2.6,-0.5,83,-25.5,0.285,76
547,Yonathan Daza,COL,924,6.20%,16.50%,0.38,0.281,0.329,0.354,0.683,0.073,3.3,0.335,3.2,-1.8,1.9,-1.8,100,-9.7,0.301,76
548,Nick Senzel,3 Tms,1633,8.10%,21.00%,0.38,0.232,0.299,0.363,0.662,0.131,4.4,0.275,2.7,-2.2,3.7,-4,162,-33.9,0.29,76
549,Joey Rickard,2 Tms,702,6.10%,24.10%,0.25,0.236,0.293,0.368,0.661,0.131,5,0.297,3.2,0.9,2.9,0.7,66,-18.9,0.287,76
550,Owen Miller,2 Tms,1015,5.70%,21.30%,0.27,0.239,0.287,0.345,0.632,0.106,4.3,0.291,0.5,-1.5,1.5,1.4,89,-30.7,0.276,76
551,Danny Mendick,2 Tms,656,6.40%,23.00%,0.28,0.232,0.286,0.346,0.632,0.114,4.3,0.286,0.2,0.7,-1.5,0.1,59,-19.6,0.278,76
552,Ildemaro Vargas,5 Tms,889,5.10%,11.40%,0.45,0.246,0.287,0.367,0.654,0.12,4.5,0.263,0.7,-3.3,3.7,-0.3,83,-24.7,0.283,76
553,Yoshi Tsutsugo,3 Tms,640,11.60%,26.90%,0.43,0.197,0.291,0.339,0.63,0.142,2.2,0.247,-0.7,0.4,-1,-0.9,59,-18.2,0.279,76
554,Roberto Pérez,CLE,1017,10.10%,30.10%,0.34,0.209,0.294,0.368,0.663,0.16,1.8,0.272,-6.4,-0.4,-4.3,-0.8,99,-26.5,0.288,75
555,Brenton Doyle,COL,1034,6.60%,29.40%,0.22,0.236,0.289,0.403,0.692,0.167,7.3,0.307,2.2,-0.3,3.9,4.6,110,-13.2,0.298,75
556,Corey Julks,2 Tms,512,7.20%,24.40%,0.3,0.234,0.289,0.335,0.625,0.102,4.6,0.297,-0.3,-0.1,-0.1,1,45,-16.5,0.276,75
557,José Peraza,3 Tms,1878,4.30%,13.20%,0.32,0.259,0.301,0.368,0.669,0.109,5.4,0.284,4,-0.7,1.3,1,183,-44.7,0.29,75
558,Roman Quinn,2 Tms,530,7.50%,30.80%,0.25,0.222,0.294,0.349,0.643,0.128,8.7,0.319,0.9,2.2,3.5,3.2,49,-14.6,0.283,75
559,Delino DeShields,3 Tms,1419,10.10%,23.40%,0.43,0.247,0.328,0.336,0.664,0.089,6.6,0.326,9.8,4.5,7.8,5.7,146,-27.2,0.296,75
560,Gabriel Arias,CLE,563,7.50%,32.30%,0.23,0.212,0.274,0.35,0.624,0.138,4.5,0.296,0.9,-0.6,1.3,-1.5,48,-19,0.274,74
561,Ronald Torreyes,3 Tms,806,4.00%,12.80%,0.31,0.266,0.296,0.357,0.654,0.091,3.6,0.295,2.5,0.2,2.3,0,74,-23.2,0.283,74
562,Jose Trevino,2 Tms,1274,4.80%,17.70%,0.27,0.236,0.275,0.362,0.637,0.126,2.7,0.264,-6.1,-5.9,-5.2,-1.3,113,-39.2,0.277,74
563,Juan Lagares,NYM,621,6.30%,22.50%,0.28,0.243,0.297,0.35,0.646,0.107,6,0.307,3.8,-0.9,2.2,0.4,54,-22.4,0.278,74
564,Bradley Zimmer,3 Tms,975,7.80%,33.90%,0.23,0.213,0.298,0.333,0.631,0.12,6.6,0.315,4.2,2.4,2.2,4.4,89,-28.7,0.281,74
565,Nicky Lopez,3 Tms,2346,7.50%,14.30%,0.53,0.248,0.312,0.314,0.626,0.067,5.3,0.291,8.3,1.4,12.4,-1.4,215,-66.6,0.28,73
566,Greg Allen,4 Tms,828,5.70%,23.40%,0.24,0.231,0.3,0.34,0.64,0.109,8.1,0.297,2.8,1.6,3.4,5.3,76,-23.7,0.282,73
567,Scott Kingery,PHI,1127,5.90%,28.40%,0.21,0.229,0.28,0.387,0.667,0.157,5.7,0.299,3.6,3.8,3.3,1.5,107,-30.6,0.284,73
568,Wilmer Difo,3 Tms,1229,8.00%,19.90%,0.4,0.25,0.31,0.353,0.663,0.104,6,0.302,2.9,1.2,4,1.3,116,-31.8,0.286,73
569,Josh Phegley,OAK,605,5.00%,19.20%,0.26,0.223,0.27,0.379,0.65,0.156,2.3,0.248,-2.8,-1.5,-1.7,-1.1,53,-22,0.276,73
570,Hernán Pérez,3 Tms,1065,4.70%,21.40%,0.22,0.246,0.28,0.389,0.669,0.143,5.2,0.287,0,-0.7,0.7,1.9,99,-30,0.285,73
571,JaCoby Jones,DET,1167,6.20%,32.30%,0.19,0.212,0.276,0.373,0.649,0.161,6.3,0.294,3,0,6.4,0.2,105,-36,0.28,72
572,Martín Maldonado,2 Tms,875,3.50%,24.80%,0.14,0.223,0.276,0.36,0.637,0.137,2.4,0.276,-3.2,-1,-3.6,-1.7,75,-29.8,0.277,72
573,Brandon Dixon,3 Tms,658,4.40%,33.30%,0.13,0.224,0.266,0.397,0.663,0.172,4.8,0.305,-0.1,0.4,0.6,0.4,60,-21.1,0.28,72
574,Brett Baty,NYM,602,7.80%,26.40%,0.3,0.215,0.282,0.325,0.607,0.11,2.5,0.275,-0.2,-0.4,-0.7,-0.6,50,-22.6,0.27,72
575,Keon Broxton,4 Tms,780,9.10%,39.40%,0.23,0.2,0.28,0.376,0.657,0.177,7.4,0.301,-0.2,1.7,2.9,0.8,71,-24.1,0.284,72
576,Josh VanMeter,3 Tms,841,10.50%,24.70%,0.42,0.206,0.293,0.347,0.64,0.141,5,0.257,-1.8,1,-0.1,0.7,79,-23.5,0.282,71
577,Taylor Walls,TBR,1243,12.10%,26.40%,0.46,0.188,0.288,0.293,0.58,0.105,6.5,0.25,4,2.2,5.3,4.6,98,-48.7,0.264,71
578,Sergio Alcántara,4 Tms,502,8.80%,26.90%,0.33,0.209,0.281,0.343,0.624,0.135,5.3,0.266,1.5,-0.4,1.4,-0.4,43,-16.1,0.273,71
579,Adam Engel,2 Tms,1546,4.90%,29.20%,0.17,0.224,0.279,0.349,0.628,0.125,6.3,0.307,6.6,4.4,6.9,1.1,131,-54,0.274,71
580,Yu Chang,4 Tms,650,6.60%,28.90%,0.23,0.204,0.265,0.359,0.624,0.155,4.7,0.26,0.7,-1.2,1.9,0.1,55,-23.1,0.272,71
581,Garrett Stubbs,2 Tms,520,8.80%,23.70%,0.37,0.215,0.294,0.311,0.605,0.096,5.9,0.277,2.1,1.1,2.5,0.8,44,-18,0.272,71
582,Seby Zavala,3 Tms,557,7.20%,35.90%,0.2,0.205,0.271,0.342,0.613,0.137,2.4,0.304,-2.5,1.4,-2.1,-0.4,46,-20.5,0.27,70
583,Brett Phillips,5 Tms,971,9.80%,38.70%,0.25,0.187,0.272,0.347,0.619,0.159,7.8,0.285,4.6,3.5,5,4.6,82,-34.6,0.271,70
584,Alek Thomas,ARI,916,5.20%,19.30%,0.27,0.226,0.271,0.359,0.629,0.133,6,0.26,5.2,-0.9,7.4,0.3,78,-29.7,0.274,70
585,Ben Rortvedt,3 Tms,505,10.10%,26.90%,0.38,0.199,0.288,0.286,0.575,0.087,1.8,0.267,-0.5,-0.1,-0.6,-0.7,39,-20.7,0.262,70
586,Ryan Goins,3 Tms,742,7.00%,22.80%,0.31,0.238,0.291,0.347,0.638,0.109,2.9,0.299,-0.3,-1.8,0.1,-1.1,64,-26.3,0.277,70
587,Andrew Knapp,4 Tms,873,11.80%,31.40%,0.38,0.209,0.31,0.313,0.623,0.104,3.4,0.307,2.2,1.1,0.7,-0.2,77,-28.5,0.278,69
588,Alen Hanson,4 Tms,592,4.10%,23.60%,0.17,0.233,0.265,0.374,0.639,0.141,7.7,0.286,3.2,0.3,4.3,1,48,-22.6,0.272,69
589,Rio Ruiz,3 Tms,946,9.50%,23.00%,0.41,0.211,0.287,0.355,0.642,0.144,2.7,0.248,-1.4,-2,-2.1,-1,85,-32.2,0.279,69
590,Nick Fortes,MIA,932,5.30%,16.40%,0.32,0.222,0.275,0.344,0.619,0.121,3.9,0.244,2.1,-2.4,-0.4,-1.7,79,-30.9,0.273,69
591,Garrett Hampson,3 Tms,1762,7.70%,26.50%,0.29,0.24,0.301,0.362,0.662,0.122,7,0.319,6.3,4.1,8.9,4.7,174,-38.8,0.289,69
592,Elehuris Montero,COL,739,5.80%,30.70%,0.19,0.228,0.277,0.387,0.665,0.159,2.7,0.305,0.1,-0.7,-2.3,-1,72,-15.2,0.288,68
593,Austin Wynns,2 Tms,508,5.10%,21.30%,0.24,0.231,0.275,0.337,0.612,0.106,2.3,0.275,-0.9,-3.9,-1.7,-0.2,41,-19,0.269,68
594,Andrew Knizner,2 Tms,887,7.10%,23.00%,0.31,0.21,0.279,0.317,0.596,0.107,2.8,0.258,-1.6,-3.7,-1.7,-0.6,70,-35.4,0.265,67
595,Cheslor Cuthbert,2 Tms,601,6.50%,21.50%,0.3,0.232,0.286,0.349,0.635,0.117,1.3,0.277,-0.5,-2.6,0,-0.5,52,-22.3,0.275,66
596,Ronny Rodríguez,DET,500,4.60%,24.80%,0.19,0.221,0.254,0.396,0.65,0.176,4.3,0.254,0.8,-0.4,0.6,0.4,42,-19.1,0.272,66
597,Lenyn Sosa,CHW,578,3.10%,22.30%,0.14,0.229,0.257,0.347,0.604,0.118,2,0.272,-0.4,-0.3,-0.3,-1.1,44,-24.3,0.261,65
598,Carter Kieboom,WSN,508,10.20%,27.20%,0.38,0.199,0.297,0.301,0.598,0.102,1.9,0.258,-0.8,-2.2,-1,-0.9,42,-20.3,0.27,65
599,Miguel Vargas,2 Tms,591,11.00%,22.20%,0.5,0.175,0.273,0.312,0.586,0.138,5.1,0.204,0.3,1.2,1.7,-0.8,45,-25,0.262,65
600,Tyler Wade,4 Tms,865,8.40%,23.60%,0.36,0.217,0.291,0.289,0.58,0.072,6.9,0.286,5.9,1.9,5.4,3.3,66,-37.6,0.262,64
601,JT Riddle,4 Tms,797,4.90%,21.70%,0.23,0.223,0.261,0.354,0.616,0.132,3.1,0.263,-2.5,0.8,-2.6,-2.2,59,-37,0.263,64
602,Pat Valaika,2 Tms,845,5.60%,26.90%,0.21,0.22,0.264,0.375,0.64,0.156,2.1,0.269,-1.4,0.7,-1.8,-1.6,73,-29.7,0.275,61
603,Erik González,3 Tms,877,4.20%,24.10%,0.18,0.241,0.274,0.34,0.614,0.099,4.4,0.308,1.5,-0.7,2.3,-1.3,68,-38.5,0.265,61
604,Luke Maile,3 Tms,736,7.90%,26.60%,0.3,0.205,0.275,0.308,0.583,0.103,3.7,0.273,1.2,-0.1,-0.3,0.3,53,-34.8,0.26,61
605,Alcides Escobar,KCR,1160,3.80%,15.20%,0.25,0.242,0.275,0.338,0.613,0.096,4.7,0.278,8.4,-0.4,4.6,-2,88,-51,0.265,60
606,Chris Owings,6 Tms,1078,7.00%,28.00%,0.25,0.218,0.275,0.348,0.624,0.131,5.5,0.288,-0.6,1.8,1,2.1,87,-43.7,0.269,60
607,Billy Hamilton,8 Tms,1736,7.50%,24.10%,0.31,0.231,0.288,0.318,0.606,0.087,8.9,0.305,12.2,5,16.4,13.5,135,-75.1,0.267,60
608,Zack Short,4 Tms,538,12.30%,28.60%,0.43,0.167,0.269,0.287,0.556,0.121,4,0.211,-1.5,0.8,-0.4,0.9,36,-28.5,0.251,57
609,Cole Tucker,3 Tms,536,6.50%,27.60%,0.24,0.213,0.266,0.316,0.582,0.103,6.1,0.291,2,0.2,3.4,-0.2,38,-27.8,0.254,55
610,Lewis Brinson,3 Tms,1150,5.00%,28.40%,0.18,0.198,0.246,0.328,0.574,0.13,4.2,0.256,1.1,-0.2,1.4,0.2,73,-65.5,0.249,54
611,Nick Allen,OAK,760,5.40%,17.90%,0.3,0.209,0.254,0.283,0.537,0.074,3.8,0.246,0.2,0.3,0.3,-0.6,44,-45.8,0.239,53
612,Cam Gallagher,2 Tms,618,6.10%,22.20%,0.28,0.211,0.266,0.307,0.573,0.096,1.4,0.265,-4.6,0.2,-3,-0.9,42,-33,0.252,53
613,Tomás Nido,2 Tms,945,4.10%,25.90%,0.16,0.21,0.245,0.309,0.554,0.099,2.5,0.268,-8.7,-2.9,-7.6,-0.5,55,-56.9,0.24,53
614,Austin Hedges,4 Tms,2181,6.10%,27.80%,0.22,0.189,0.246,0.322,0.568,0.133,3.1,0.232,-4.9,-2.9,-5.7,0.7,136,-126.5,0.246,52
615,Michael Pérez,3 Tms,599,7.80%,27.70%,0.28,0.179,0.248,0.306,0.554,0.127,2.4,0.225,-4.6,0.6,-1.1,-0.6,37,-34.5,0.245,52
616,Tony Wolters,3 Tms,1036,10.20%,19.40%,0.53,0.229,0.32,0.295,0.615,0.066,3.2,0.288,0.4,-1.9,1.1,-1.5,86,-40.7,0.272,52
617,Vidal Bruján,2 Tms,550,7.60%,21.80%,0.35,0.189,0.261,0.27,0.531,0.08,5.1,0.238,1.7,0.1,2.1,-3.2,32,-32.4,0.239,50
618,Sandy León,2 Tms,861,7.80%,25.20%,0.31,0.194,0.263,0.306,0.569,0.112,2,0.241,-8.1,1.4,-8.9,-0.2,56,-48.5,0.251,49
619,Andrew Velazquez,5 Tms,624,6.10%,33.80%,0.18,0.189,0.244,0.293,0.537,0.104,7.7,0.275,2.6,1.5,1.8,4.5,36,-37.8,0.239,48
620,Magneuris Sierra,3 Tms,636,5.70%,22.60%,0.25,0.228,0.273,0.272,0.546,0.044,6.9,0.301,3.1,2.8,5.5,1.6,37,-38.8,0.24,48
621,Isan Díaz,3 Tms,526,10.50%,28.10%,0.37,0.177,0.267,0.274,0.541,0.097,2.9,0.235,-2.3,1.6,-1.2,-1.9,30,-34.5,0.239,46
622,Cristian Pache,5 Tms,610,7.20%,30.80%,0.23,0.181,0.243,0.275,0.518,0.093,4.2,0.259,-0.4,-0.2,1.6,-1.7,32,-39.1,0.232,46