#,Name,Team,Level,Age,PA,BABIP,GB/FB,LD%,GB%,FB%,IFFB%,HR/FB,Pull%,Cent%,Oppo%,SwStr%,Balls,Strikes,Pitches
1,Meibrys Viloria,KCR,A,20-20,398,0.31,1.99,14.60%,56.80%,28.60%,16.30%,10.00%,38.40%,24.60%,37.00%,10.10%,611,1026,1637
2,Tyler Nevin,COL,A,20-20,335,0.349,1.28,21.30%,44.20%,34.60%,15.70%,8.40%,39.40%,25.30%,35.30%,11.40%,414,767,1181
3,Hoy Park,NYY,A,21-21,373,0.31,1.55,23.70%,46.30%,30.00%,29.90%,7.80%,46.90%,22.90%,30.20%,8.40%,604,915,1519
4,Ali Sánchez,NYM,A,20-21,405,0.269,1.62,16.80%,51.40%,31.80%,25.50%,4.90%,45.30%,24.50%,30.20%,6.60%,386,896,1282
5,Donny Sands,NYY,A,21-21,314,0.321,1.48,20.20%,47.60%,32.20%,22.70%,2.70%,45.20%,23.40%,31.40%,6.40%,436,715,1151
6,Yohel Pozo,TEX,A,20-21,615,0.295,1.34,21.30%,45.10%,33.60%,22.40%,7.10%,46.50%,22.80%,30.70%,6.30%,591,1330,1921
7,Curtis Terry,TEX,A,22-22,259,0.301,0.78,18.70%,35.50%,45.80%,31.60%,19.70%,50.60%,28.00%,21.40%,13.20%,337,643,980
8,Seby Zavala,CHW,A,23-23,207,0.289,0.72,15.40%,35.40%,49.20%,26.60%,20.30%,51.90%,23.00%,25.20%,18.10%,230,499,729
9,Leody Taveras,TEX,A,18-18,577,0.287,1.48,18.20%,48.80%,33.00%,27.10%,5.70%,37.50%,24.30%,38.20%,9.00%,770,1332,2102
10,Estevan Florial,NYY,A,19-19,389,0.431,2.05,21.60%,52.80%,25.70%,5.40%,19.60%,46.60%,26.00%,27.40%,15.20%,581,942,1523
11,Yonny Hernández,TEX,A,20-20,443,0.311,1.99,18.90%,54.00%,27.10%,24.10%,2.50%,30.50%,25.10%,44.40%,4.90%,627,1008,1635
12,Símon Muzziotti,PHI,A,19-19,299,0.303,2.15,20.90%,54.00%,25.10%,16.90%,1.70%,32.80%,20.50%,46.70%,8.50%,294,684,978
13,Sheldon Neuse,WSN,A,22-22,321,0.347,1.57,15.10%,51.80%,33.00%,8.30%,12.50%,34.30%,28.70%,37.00%,12.10%,421,767,1188
14,Daniel Johnson,WSN,A,21-21,364,0.333,0.95,20.70%,38.70%,40.60%,26.00%,16.30%,36.00%,26.80%,37.20%,13.60%,393,806,1199
15,Jake Noll,WSN,A,23-23,438,0.28,0.85,15.60%,38.60%,45.70%,29.00%,10.30%,41.00%,26.00%,32.90%,10.10%,491,965,1456
16,Darick Hall,PHI,A,21-21,477,0.303,0.97,20.90%,38.90%,40.20%,22.80%,21.30%,49.50%,26.20%,24.30%,15.90%,616,1116,1732
17,Zach Remillard,CHW,A,23-23,529,0.312,1.02,21.30%,39.80%,38.90%,18.70%,5.00%,49.20%,25.10%,25.70%,13.20%,556,1236,1792
18,Charles Leblanc,TEX,A,21-21,217,0.294,0.97,25.80%,36.50%,37.70%,11.70%,6.70%,42.70%,22.60%,34.80%,7.40%,292,456,748
19,Emmanuel Rivera,KCR,A,21-21,508,0.359,2.02,22.10%,52.10%,25.80%,11.30%,12.40%,40.30%,25.00%,34.70%,10.30%,600,1131,1731
20,Gavin Sheets,CHW,A,21-21,218,0.308,0.95,17.30%,40.40%,42.30%,18.20%,4.50%,44.40%,22.50%,33.10%,7.20%,338,507,845
21,Diego A. Castillo,NYY,A,19-19,510,0.293,2.13,23.60%,52.00%,24.40%,24.70%,1.00%,37.40%,20.40%,42.20%,6.90%,539,1152,1691
22,Anderson Tejeda,TEX,A,19-19,446,0.343,1.03,26.80%,37.20%,36.10%,27.80%,8.20%,44.40%,28.40%,27.30%,15.90%,570,1106,1676
23,Sandro Fabian,SFG,A,19-19,504,0.317,1.27,23.30%,42.90%,33.80%,21.70%,8.50%,48.60%,21.90%,29.40%,12.40%,437,1188,1625
24,Blake Perkins,WSN,A,20-20,572,0.318,1.87,14.10%,56.00%,29.90%,15.70%,7.40%,40.20%,28.00%,31.70%,9.00%,938,1399,2337
25,Ryan McKenna,BAL,A,20-20,530,0.336,1.22,16.60%,45.80%,37.70%,16.00%,5.60%,46.00%,24.90%,29.20%,12.10%,697,1257,1954
26,Luke Williams,PHI,A,20-20,442,0.268,1.14,19.40%,43.00%,37.60%,28.80%,0.80%,46.30%,25.80%,27.90%,9.80%,561,1025,1586
27,Cristian Pache,ATL,A,18-18,514,0.36,1.87,20.10%,52.10%,27.90%,31.00%,0.00%,50.40%,26.10%,23.50%,12.70%,560,1159,1719
28,Andrés Giménez,NYM,A,18-18,399,0.31,1.99,19.50%,53.50%,27.00%,17.10%,5.30%,37.20%,26.60%,36.20%,9.00%,498,1033,1531
29,Khalil Lee,KCR,A,19-19,532,0.338,1.56,21.60%,47.80%,30.60%,18.80%,20.00%,42.70%,27.30%,30.10%,12.70%,827,1316,2143
30,Mickey Moniak,PHI,A,19-19,509,0.293,1.43,18.70%,47.80%,33.50%,11.70%,4.20%,43.70%,26.20%,30.10%,14.40%,605,1155,1760
31,Blake Rutherford,NYY,A,20-20,440,0.315,1.79,19.40%,51.70%,28.80%,18.50%,2.20%,37.30%,24.40%,38.30%,11.00%,553,974,1527
32,Carter Kieboom,WSN,A,19-19,210,0.344,1.6,14.60%,52.60%,32.80%,24.40%,17.80%,56.80%,18.00%,25.20%,9.80%,315,501,816
33,Colton Welker,COL,A,19-19,279,0.399,1.44,26.10%,43.60%,30.30%,14.10%,9.40%,40.50%,28.80%,30.70%,9.30%,329,600,929
34,Bobby Dalbec,BOS,A,22-22,329,0.383,0.93,27.80%,34.80%,37.30%,15.30%,22.00%,44.80%,28.20%,27.00%,14.30%,585,859,1444
35,Tres Barrera,WSN,A,22-22,268,0.335,1.03,20.20%,40.40%,39.30%,27.10%,11.40%,55.80%,24.90%,19.30%,10.60%,368,624,992
36,Santiago Espinal,BOS,A,22-22,544,0.314,1.4,20.40%,46.40%,33.20%,12.90%,2.90%,38.90%,26.00%,35.20%,5.70%,765,1360,2125
37,Hunter Owen,PIT,A,23-23,343,0.343,0.93,20.00%,38.60%,41.40%,6.60%,12.10%,55.50%,24.70%,19.80%,13.80%,449,788,1237
38,Brian Miller,MIA,A,21-21,258,0.374,3.05,21.80%,58.90%,19.30%,13.20%,2.60%,32.70%,25.10%,42.20%,7.10%,341,621,962
39,Luis González,CHW,A,21-22,532,0.332,1.24,19.70%,44.40%,35.90%,19.00%,7.90%,46.70%,22.70%,30.70%,7.80%,836,1323,2159
40,Luis García Jr.,WSN,A,18-18,323,0.343,2.11,20.60%,53.80%,25.50%,15.90%,4.80%,46.90%,24.40%,28.70%,10.50%,335,732,1067
41,Brewer Hicklen,KCR,A,22-22,347,0.395,0.93,21.90%,37.60%,40.50%,18.80%,20.00%,53.30%,23.10%,23.60%,14.90%,436,829,1265
42,William Contreras,ATL,A,20-20,342,0.351,1.38,21.30%,45.70%,33.00%,17.10%,14.50%,43.50%,30.80%,25.70%,13.30%,448,804,1252
43,Drew Waters,ATL,A,19-19,365,0.362,1.9,21.40%,51.50%,27.10%,11.30%,12.70%,43.60%,21.40%,35.00%,11.50%,444,855,1299
44,José Devers,MIA,A,18-18,362,0.318,2.91,19.20%,60.10%,20.60%,25.90%,0.00%,47.40%,18.80%,33.80%,9.70%,368,821,1189
45,Carlos Pérez,CHW,A,21-21,286,0.313,1.38,18.40%,47.30%,34.30%,21.40%,3.60%,51.40%,24.10%,24.50%,7.10%,255,591,846
46,Dérmis Garcia,NYY,A,19-20,488,0.308,0.75,20.10%,34.20%,45.70%,19.70%,18.10%,54.80%,26.50%,18.70%,15.80%,721,1188,1909
47,Sean Bouchard,COL,A,22-22,515,0.323,0.68,24.20%,30.60%,45.30%,14.90%,9.50%,48.10%,24.50%,27.40%,12.40%,697,1234,1931
48,Dalton Guthrie,PHI,A,22-22,347,0.273,1.07,17.90%,42.50%,39.70%,24.00%,5.00%,48.30%,24.00%,27.80%,9.70%,426,812,1238
49,Brandon Lockridge,NYY,A,22-22,556,0.323,1.18,19.40%,43.70%,36.90%,22.90%,9.20%,46.70%,23.90%,29.40%,14.50%,704,1366,2070
50,Connor Kaiser,PIT,A,21-22,412,0.272,1.36,17.10%,47.80%,35.10%,14.00%,9.30%,47.50%,28.20%,24.30%,11.80%,615,924,1539
51,Coco Montes,COL,A,22-22,549,0.311,1.01,18.30%,41.00%,40.70%,12.30%,8.40%,44.30%,26.50%,29.10%,14.60%,656,1328,1984
52,Matt Vierling,PHI,A,21-21,204,0.336,1.04,20.50%,40.40%,39.00%,26.30%,10.50%,44.40%,22.50%,33.10%,10.40%,242,457,699
53,Romy Gonzalez,CHW,A,22-22,405,0.337,1.85,14.20%,55.60%,30.10%,16.70%,5.60%,33.10%,27.90%,39.00%,11.00%,630,1033,1663
54,Nick Maton,PHI,A,21-21,466,0.318,0.76,21.80%,33.80%,44.50%,23.40%,5.80%,45.10%,28.90%,26.00%,10.30%,669,1134,1803
55,Rafael Marchán,PHI,A,20-20,265,0.311,1.36,25.20%,43.10%,31.70%,28.10%,0.00%,43.70%,20.40%,35.90%,7.80%,337,613,950
56,Oswaldo Cabrera,NYY,A,18-19,879,0.258,1.42,22.00%,45.80%,32.20%,22.20%,4.50%,47.00%,22.10%,31.00%,9.00%,1027,2017,3044
57,Oneil Cruz,PIT,A,18-19,506,0.344,2.03,19.60%,53.90%,26.50%,17.00%,18.20%,41.30%,25.20%,33.40%,12.00%,643,1168,1811
58,Sebastián Rivero,KCR,A,19-19,306,0.3,1.06,21.00%,40.70%,38.30%,15.90%,8.50%,52.90%,24.20%,22.90%,14.00%,296,712,1008
59,Sherten Apostel,TEX,A,20-20,319,0.29,1.06,22.00%,40.20%,37.90%,17.30%,18.50%,46.30%,29.20%,24.50%,10.20%,456,742,1198
60,Freddy Fermin,KCR,A,24-24,226,0.28,1.12,27.20%,38.50%,34.30%,24.10%,15.50%,50.00%,20.90%,29.10%,11.30%,281,576,857
61,Rodolfo Castro,PIT,A,19-20,672,0.274,1.06,19.60%,41.30%,39.00%,16.00%,15.40%,42.50%,23.60%,33.90%,15.30%,839,1633,2472
62,Grant Koch,PIT,A,22-22,374,0.221,1.01,16.00%,42.20%,41.80%,20.00%,7.00%,42.30%,24.70%,33.00%,8.50%,534,849,1383
63,Steele Walker,CHW,A,21-22,213,0.31,0.8,23.60%,34.00%,42.40%,18.00%,4.90%,49.00%,27.50%,23.50%,12.30%,296,534,830
64,Nick Pratto,KCR,A,19-19,537,0.375,1.32,22.80%,43.80%,33.30%,18.90%,12.60%,44.30%,23.50%,32.30%,13.40%,775,1361,2136
65,Ryan Vilade,COL,A,19-19,533,0.333,1.77,17.10%,52.90%,30.00%,15.00%,4.70%,35.60%,23.20%,41.20%,8.20%,737,1281,2018
66,Cal Mitchell,PIT,A,19-19,495,0.347,1.14,28.20%,38.20%,33.60%,20.70%,9.00%,47.80%,26.10%,26.10%,10.20%,658,1151,1809
67,Mark Vientos,NYM,A,19-19,454,0.311,1.03,23.50%,38.80%,37.80%,16.40%,10.30%,45.70%,27.90%,26.30%,16.00%,585,1124,1709
68,MJ Melendez,KCR,A,19-19,472,0.327,1.02,20.10%,40.30%,39.60%,15.70%,17.60%,44.90%,27.20%,27.90%,18.80%,713,1206,1919
69,Sam Huff,TEX,A,20-21,562,0.327,0.82,23.80%,34.30%,41.90%,18.20%,23.10%,48.30%,26.70%,25.00%,17.70%,635,1355,1990
70,Mason McCoy,BAL,A,23-23,536,0.321,1.48,18.80%,48.40%,32.80%,11.30%,3.20%,40.40%,24.00%,35.50%,6.60%,779,1333,2112
71,Bubba Thompson,TEX,A,20-20,363,0.396,1.24,21.70%,43.40%,35.00%,19.00%,10.10%,50.90%,28.70%,20.40%,14.60%,463,863,1326
72,Jake Burger,CHW,A,21-21,200,0.3,1.46,16.90%,49.30%,33.80%,26.00%,8.00%,48.40%,26.50%,25.20%,10.40%,237,448,685
73,Triston Casas,BOS,A,19-19,493,0.3,1.13,19.30%,42.80%,37.90%,25.90%,16.40%,38.50%,25.80%,35.70%,13.30%,799,1262,2061
74,Heliot Ramos,SFG,A,18-18,535,0.319,1.52,19.90%,48.40%,31.80%,23.40%,10.30%,41.60%,24.20%,34.20%,13.60%,697,1314,2011
75,Jarred Kelenic,SEA,A,19-19,218,0.356,1.19,18.60%,44.10%,37.20%,25.90%,20.40%,54.40%,22.40%,23.10%,10.40%,347,508,855
76,Oswald Peraza,NYY,A,19-19,208,0.31,1.84,16.30%,54.20%,29.40%,22.20%,4.40%,40.80%,23.60%,35.70%,11.30%,268,456,724
77,Lenyn Sosa,CHW,A,19-19,536,0.301,1.38,17.50%,47.80%,34.70%,15.60%,5.20%,40.50%,22.20%,37.30%,10.80%,654,1325,1979
78,Israel Pineda,WSN,A,19-19,411,0.276,0.99,17.70%,41.00%,41.40%,23.60%,6.40%,41.50%,26.40%,32.10%,14.30%,556,975,1531
79,Canaan Smith-Njigba,NYY,A,20-20,528,0.381,1.41,26.00%,43.40%,30.70%,19.20%,10.60%,36.20%,22.60%,41.20%,9.70%,953,1339,2292
80,Eric Wagaman,NYY,A,21-21,332,0.302,1.01,24.00%,38.20%,37.80%,23.20%,8.50%,42.50%,27.60%,29.90%,9.70%,473,790,1263
81,Ryan Dorow,TEX,A,21-22,489,0.346,1.07,25.90%,38.30%,35.80%,13.40%,10.70%,40.40%,24.80%,34.80%,9.70%,661,1183,1844
82,Julio Rodríguez,SEA,A,18-18,295,0.353,1.27,21.10%,44.20%,34.70%,12.10%,15.20%,43.50%,26.50%,30.00%,16.20%,373,700,1073
83,Ronny Mauricio,NYM,A,18-18,504,0.33,2.1,22.00%,52.80%,25.20%,31.20%,4.30%,41.10%,24.40%,34.50%,12.00%,580,1200,1780
84,Ji Hwan Bae,PIT,A,19-19,380,0.417,1.84,21.00%,51.20%,27.80%,10.00%,0.00%,35.40%,23.70%,40.90%,8.70%,604,943,1547
85,Terrin Vavra,COL,A,22-22,453,0.35,0.94,17.70%,39.90%,42.40%,10.40%,7.50%,31.60%,30.70%,37.70%,8.00%,651,977,1628
86,Jonathan Ornelas,TEX,A,19-19,472,0.322,1.53,21.40%,47.60%,31.10%,29.20%,6.30%,47.80%,22.60%,29.60%,8.40%,725,1157,1882
87,Cody Wilson,WSN,A,22-22,348,0.298,1.43,18.10%,48.20%,33.70%,31.30%,7.50%,37.80%,28.70%,33.50%,13.80%,487,808,1295
88,Mickey Gasper,NYY,A,22-23,344,0.267,1.1,17.60%,43.20%,39.20%,24.70%,9.00%,49.80%,20.10%,30.10%,7.30%,609,846,1455
89,Nate Eaton,KCR,A,22-22,557,0.291,0.91,19.50%,38.30%,42.20%,26.90%,3.10%,47.00%,24.40%,28.50%,12.60%,752,1439,2191
90,Shea Langeliers,ATL,A,21-21,239,0.325,1,19.30%,40.40%,40.40%,26.20%,3.10%,48.50%,21.80%,29.70%,13.10%,305,574,879
91,Braden Shewmake,ATL,A,21-21,226,0.359,1.21,18.50%,44.60%,36.90%,9.70%,4.80%,37.60%,26.60%,35.80%,11.70%,264,513,777
92,Ben Breazeale,BAL,A,23-24,538,0.3,1.69,16.90%,52.30%,30.90%,9.30%,3.70%,36.00%,23.50%,40.50%,10.50%,817,1336,2153
93,Tanner Nishioka,BOS,A,23-23,343,0.389,1.95,27.70%,47.80%,24.60%,16.40%,20.00%,35.20%,30.50%,34.30%,11.10%,489,864,1353
94,Austin Bush,ATL,A,21-22,277,0.317,1.1,22.90%,40.40%,36.70%,27.90%,11.50%,47.90%,25.40%,26.60%,17.60%,325,715,1040
95,Jordan Wren,BOS,A,23-24,690,0.332,1.17,23.00%,41.50%,35.50%,16.20%,6.10%,38.00%,27.80%,34.20%,15.80%,997,1699,2696
96,Jordan Rodgers,ATL,A,22-22,249,0.317,1.21,22.80%,42.20%,35.00%,22.20%,3.20%,52.50%,23.50%,24.00%,14.20%,277,560,837
97,Chris Hess,NYY,A,22-23,525,0.289,1,22.80%,38.60%,38.60%,27.60%,7.10%,44.80%,24.50%,30.70%,12.80%,670,1293,1963
98,Danny Edgeworth,COL,A,23-23,274,0.361,0.91,22.80%,36.70%,40.50%,10.90%,12.50%,47.00%,31.30%,21.70%,13.80%,404,681,1085
99,Zach Jarrett,BAL,A,23-23,555,0.353,1.59,17.40%,50.70%,31.90%,12.30%,12.30%,48.00%,25.70%,26.30%,13.00%,741,1285,2026
100,Hagen Owenby,ATL,A,22-23,307,0.359,1.78,23.00%,49.30%,27.60%,15.00%,3.30%,37.90%,26.50%,35.60%,13.90%,385,734,1119
101,Anyesber Sivira,SFG,A,19-19,289,0.284,1.32,17.70%,46.80%,35.50%,33.30%,3.00%,45.10%,21.80%,33.20%,8.30%,406,686,1092
102,Frankie Rios,BOS,A,23-23,310,0.341,1.27,22.10%,43.60%,34.30%,10.20%,1.70%,36.30%,20.70%,43.00%,14.20%,440,804,1244
103,Alex Destino,CHW,A,22-23,488,0.37,1.26,19.90%,44.70%,35.40%,17.30%,15.50%,43.00%,29.30%,27.70%,14.00%,721,1107,1828
104,Laz Rivera,CHW,A,23-23,265,0.413,1.53,23.00%,46.50%,30.50%,22.80%,10.50%,50.00%,26.00%,24.00%,14.70%,238,622,860
105,Tyler Ratliff,TEX,A,22-22,334,0.281,0.8,20.50%,35.40%,44.10%,29.10%,9.30%,50.20%,21.50%,28.30%,15.70%,444,757,1201
106,Jake Scheiner,PHI,A,22-22,517,0.333,1.22,23.00%,42.30%,34.70%,14.80%,10.20%,47.60%,26.90%,25.50%,11.00%,699,1170,1869
107,Tyreque Reed,TEX,A,21-22,665,0.325,1.11,20.50%,41.80%,37.70%,19.60%,19.60%,41.80%,29.10%,29.10%,11.50%,1012,1536,2548
108,Chad Spanberger,COL,A,22-22,380,0.355,0.81,19.20%,36.10%,44.70%,18.50%,18.50%,45.60%,27.60%,26.80%,12.40%,512,940,1452
109,Trevor Craport,BAL,A,21-21,497,0.281,1.03,15.20%,43.10%,41.70%,25.80%,7.30%,49.50%,18.60%,31.90%,8.30%,696,1173,1869
110,Abrahan Gutierrez,PHI,A,19-19,322,0.296,1.42,18.90%,47.60%,33.50%,11.80%,5.30%,33.20%,23.70%,43.10%,8.90%,462,838,1300
111,Micah Brown,MIA,A,21-22,334,0.306,0.97,21.60%,38.70%,39.70%,32.50%,7.80%,47.00%,26.70%,26.20%,14.40%,416,805,1221
112,Ben Bengtson,PIT,A,22-22,269,0.286,1.64,17.60%,51.20%,31.20%,22.60%,7.50%,40.60%,26.70%,32.80%,14.80%,333,632,965
113,Will Robertson,BAL,A,23-24,566,0.295,1.11,19.00%,42.50%,38.50%,23.70%,7.20%,45.00%,23.80%,31.20%,12.30%,725,1307,2032
114,Nick Hutchins,KCR,A,21-23,296,0.32,0.99,21.10%,39.20%,39.70%,29.60%,7.40%,51.00%,25.20%,23.80%,13.80%,328,706,1034
115,Matt Winaker,NYM,A,22-22,516,0.286,0.94,22.40%,37.60%,40.00%,33.80%,9.60%,48.40%,28.70%,22.90%,9.30%,741,1158,1899
116,Austin Bernard,COL,A,22-22,215,0.24,0.85,17.40%,38.00%,44.60%,24.10%,9.30%,46.90%,25.80%,27.30%,11.60%,305,528,833
117,Jake Scudder,WSN,A,23-23,345,0.285,0.82,19.80%,36.00%,44.10%,28.40%,6.40%,49.00%,21.90%,29.10%,9.80%,452,829,1281
118,Nic Perkins,WSN,A,22-23,246,0.293,2.05,13.80%,57.90%,28.30%,19.50%,0.00%,32.40%,29.10%,38.50%,14.20%,357,547,904
119,Cole Brannen,BOS,A,19-20,639,0.272,1.84,15.20%,54.90%,29.90%,18.60%,0.80%,39.90%,23.20%,36.90%,10.20%,904,1563,2467
120,Ryan Peurifoy,PIT,A,23-23,275,0.259,1.71,16.90%,52.40%,30.70%,31.40%,5.90%,49.70%,19.20%,31.10%,13.10%,394,678,1072
121,Jacob Gonzalez,SFG,A,20-21,1011,0.273,1.15,21.10%,42.10%,36.70%,25.50%,6.90%,44.30%,22.90%,32.80%,12.70%,1158,2362,3520
122,Nolan Brown,CHW,A,24-24,206,0.364,1.45,22.60%,45.90%,31.60%,9.50%,0.00%,32.40%,27.50%,40.10%,11.10%,291,495,786
123,Chris Sharpe,PIT,A,22-22,333,0.385,1.93,26.70%,48.30%,25.00%,20.00%,8.90%,33.30%,29.10%,37.60%,10.10%,530,840,1370
124,Tyler Esplin,BOS,A,19-19,436,0.333,1.66,21.00%,49.30%,29.70%,19.50%,6.10%,42.50%,24.90%,32.60%,12.40%,592,1092,1684
125,Rob Calabrese,SFG,A,22-22,227,0.258,2.12,18.50%,55.40%,26.20%,8.80%,14.70%,45.50%,29.90%,24.60%,10.90%,336,564,900
126,Justin Jacobs,TEX,A,22-22,292,0.312,1.53,22.50%,46.80%,30.60%,17.00%,9.40%,50.00%,23.00%,27.00%,11.10%,438,711,1149
127,Logan Baldwin,SFG,A,22-22,474,0.367,1.48,18.50%,48.70%,32.80%,22.50%,6.70%,44.40%,22.70%,32.90%,19.40%,521,1224,1745
128,Shane Matheny,SFG,A,22-23,753,0.288,1.18,23.90%,41.10%,34.90%,19.70%,8.60%,46.40%,26.90%,26.70%,12.20%,1111,1769,2880
129,Quincy Nieporte,PHI,A,23-23,337,0.28,0.91,18.50%,38.80%,42.70%,19.80%,5.40%,43.10%,24.30%,32.60%,7.70%,427,790,1217
130,Justin Connell,WSN,A,20-20,510,0.292,1.71,13.90%,54.30%,31.80%,22.30%,2.70%,42.60%,27.90%,29.50%,7.00%,657,1212,1869
131,Mason Martin,PIT,A,19-20,528,0.311,0.95,20.30%,38.80%,40.90%,13.00%,23.50%,43.50%,27.70%,28.80%,17.60%,824,1305,2129
132,Philip Caulfield,WSN,A,23-24,219,0.271,1.13,22.40%,41.30%,36.40%,26.90%,7.70%,47.40%,24.00%,28.60%,10.10%,246,489,735
133,Riley Delgado,ATL,A,22-23,356,0.348,1.21,20.60%,43.60%,35.90%,22.30%,1.90%,36.00%,21.90%,42.10%,5.40%,412,842,1254
134,Raphael Gladu,NYM,A,23-23,283,0.321,1.36,28.80%,41.10%,30.10%,22.70%,1.50%,35.00%,26.00%,39.00%,12.10%,298,627,925
135,Zach Sterry,BOS,A,24-24,230,0.372,2.03,19.20%,54.10%,26.70%,5.10%,12.80%,37.50%,29.60%,32.90%,10.60%,361,563,924
136,Adam Hall,BAL,A,20-20,534,0.387,1.8,19.80%,51.60%,28.60%,10.30%,5.20%,39.70%,23.10%,37.10%,11.10%,723,1217,1940
137,Tyler Dearden,BOS,A,20-20,232,0.306,0.94,22.70%,37.50%,39.80%,23.50%,7.80%,42.70%,21.40%,35.90%,18.10%,265,582,847
138,Carlos Paraguate,ATL,A,18-18,262,0.26,1.84,16.10%,54.40%,29.50%,15.90%,0.00%,36.90%,20.40%,42.70%,18.10%,294,672,966
139,Ryan Fitzgerald,BOS,A,24-24,351,0.328,1.05,20.20%,40.90%,38.90%,14.60%,8.30%,44.60%,23.50%,31.90%,10.20%,491,841,1332
140,Bobby Honeyman,SEA,A,23-23,509,0.31,1.06,25.10%,38.50%,36.40%,25.40%,4.90%,44.60%,21.90%,33.40%,7.20%,618,1133,1751
141,Nick Rodriguez,SEA,A,23-23,286,0.239,0.72,10.60%,37.60%,51.90%,27.60%,4.10%,43.80%,20.80%,35.40%,15.20%,318,655,973
142,Cade Harris,COL,A,22-22,281,0.336,0.98,18.00%,40.60%,41.40%,30.20%,13.20%,40.00%,31.40%,28.60%,11.80%,469,694,1163
143,Brian Sharp,NYM,A,22-22,457,0.305,1,29.40%,35.30%,35.30%,11.90%,13.10%,34.80%,25.20%,40.00%,13.80%,713,1223,1936
144,Robert Neustrom,BAL,A,22-22,207,0.329,1.39,18.20%,47.60%,34.30%,36.70%,10.20%,52.10%,24.00%,24.00%,8.70%,293,469,762
145,Niko Decolati,COL,A,21-21,331,0.341,2.66,15.30%,61.60%,23.20%,8.50%,12.80%,47.90%,26.50%,25.60%,13.70%,396,764,1160
146,Devlin Granberg,BOS,A,23-23,420,0.344,1.62,25.30%,46.20%,28.50%,11.40%,10.10%,41.30%,23.10%,35.60%,10.00%,629,962,1591
147,Jake Anchia,SEA,A,22-22,319,0.29,0.67,18.90%,32.60%,48.60%,30.60%,14.10%,50.30%,24.30%,25.40%,19.50%,447,791,1238
148,Doran Turchin,BAL,A,21-21,371,0.286,0.8,15.60%,37.60%,46.80%,20.80%,6.30%,43.30%,27.40%,29.30%,13.50%,581,881,1462
149,Luke Mangieri,PIT,A,21-22,234,0.236,0.88,18.20%,38.20%,43.60%,15.30%,6.90%,36.00%,34.30%,29.70%,8.10%,366,557,923
150,Ian Dawkins,CHW,A,22-23,734,0.352,1.63,17.80%,50.90%,31.30%,25.10%,3.00%,47.70%,22.90%,29.40%,9.80%,956,1790,2746
151,Cole Daily,WSN,A,22-22,278,0.308,1.68,17.00%,52.10%,30.90%,16.70%,0.00%,21.30%,27.70%,51.00%,9.00%,384,618,1002
152,Charlie McConnell,SEA,A,23-23,434,0.284,1.5,18.60%,48.90%,32.60%,23.30%,3.50%,38.80%,22.00%,39.20%,15.30%,529,1100,1629
153,Will Golsan,COL,A,23-23,447,0.316,1.19,19.30%,43.80%,36.90%,13.10%,5.60%,49.40%,23.90%,26.80%,7.70%,671,1068,1739
154,Grant Williams,BOS,A,23-23,393,0.295,1.25,24.40%,41.90%,33.70%,30.40%,1.00%,40.60%,25.90%,33.50%,5.70%,500,838,1338
155,Ryne Ogren,SEA,A,22-22,404,0.311,1.11,14.70%,44.90%,40.40%,21.50%,2.80%,40.70%,20.70%,38.50%,9.60%,546,971,1517
156,Jacob Rhinesmith,WSN,A,23-23,562,0.299,0.97,15.00%,41.90%,43.10%,19.80%,5.80%,40.60%,28.60%,30.80%,8.60%,798,1285,2083
157,Chandler Avant,NYM,A,23-23,294,0.234,1.01,13.30%,43.60%,43.10%,34.00%,3.20%,49.10%,25.40%,25.40%,9.90%,335,618,953
158,Kole Cottam,BOS,A,21-22,320,0.335,0.79,21.60%,34.60%,43.80%,14.80%,7.40%,41.80%,23.30%,34.90%,14.80%,495,761,1256
159,John Cresto,COL,A,22-22,262,0.377,0.97,20.20%,39.30%,40.50%,19.70%,10.60%,46.40%,25.90%,27.70%,13.60%,345,641,986
160,Gunnar Troutwine,CHW,A,23-23,233,0.374,1.55,20.50%,48.40%,31.10%,26.30%,5.30%,41.90%,20.90%,37.20%,15.10%,379,559,938
161,Jonathan Ortega,BOS,A,22-22,214,0.231,1.31,20.00%,45.40%,34.60%,22.20%,4.40%,39.60%,28.10%,32.40%,11.20%,275,543,818
162,Trey Harris,ATL,A,22-23,324,0.383,1.46,18.50%,48.30%,33.20%,19.00%,10.10%,40.00%,26.10%,33.90%,9.20%,396,703,1099
163,Carlos De La Cruz,PHI,A,19-19,461,0.33,1.39,24.20%,44.20%,31.70%,11.90%,8.30%,43.20%,26.40%,30.40%,19.20%,551,1141,1692
164,Chase Chambers,NYM,A,23-23,428,0.308,1.21,23.40%,41.90%,34.70%,21.80%,5.00%,40.70%,24.70%,34.60%,13.80%,590,1005,1595
165,Ryan Ramiz,SEA,A,23-23,521,0.316,1.04,19.10%,41.30%,39.60%,27.50%,5.80%,41.90%,25.10%,33.00%,13.10%,873,1324,2197
166,Tre Vickers,WSN,A,23-23,307,0.243,0.57,18.40%,29.50%,52.10%,33.60%,2.70%,44.40%,21.50%,34.10%,13.20%,367,735,1102
167,Logan Brown,ATL,A,22-22,208,0.373,3.22,23.50%,58.40%,18.10%,3.70%,3.70%,37.40%,21.30%,41.30%,12.40%,250,507,757
168,Hayden Senger,NYM,A,22-22,353,0.275,1.1,19.60%,42.10%,38.30%,24.40%,4.40%,39.80%,24.40%,35.80%,11.40%,500,877,1377
169,Josh Stowers,NYY,A,22-22,460,0.383,0.83,24.70%,34.10%,41.20%,20.00%,6.70%,46.80%,24.20%,29.10%,12.60%,801,1091,1892
170,Jackson Lueck,KCR,A,22-22,362,0.286,1.12,19.80%,42.40%,37.80%,29.20%,4.60%,52.50%,24.30%,23.20%,18.40%,564,886,1450
171,Frainyer Chavez,TEX,A,20-20,415,0.317,1.37,20.00%,46.20%,33.80%,20.40%,1.00%,42.20%,28.60%,29.30%,9.20%,543,956,1499
172,Frankie Tostado,SFG,A,21-21,541,0.299,1.21,17.90%,45.00%,37.10%,23.40%,12.80%,41.90%,25.10%,33.10%,15.60%,643,1331,1974
173,Andrew Moritz,ATL,A,22-22,217,0.272,2.15,21.30%,53.70%,25.00%,26.80%,0.00%,39.20%,20.50%,40.40%,5.80%,284,591,875
174,Greg Cullen,ATL,A,22-22,568,0.325,1.39,22.80%,44.80%,32.30%,16.80%,7.60%,40.90%,21.00%,38.20%,8.30%,898,1350,2248
175,Justin Dean,ATL,A,21-22,629,0.361,1.43,19.10%,47.60%,33.30%,14.50%,6.90%,42.40%,28.50%,29.00%,11.50%,1011,1520,2531
176,Brhet Bewley,KCR,A,22-22,244,0.34,1.49,24.30%,45.30%,30.40%,6.70%,2.20%,32.90%,33.50%,33.50%,11.10%,375,610,985
177,Luis García,PHI,A,18-18,524,0.247,1.04,15.40%,43.10%,41.60%,37.70%,2.90%,52.80%,19.20%,28.00%,9.90%,767,1257,2024
178,Jonah Davis,PIT,A,21-21,359,0.351,1.06,21.10%,40.60%,38.30%,14.50%,27.50%,50.80%,30.90%,18.30%,16.80%,510,925,1435
179,Justin Harrer,PIT,A,22-22,262,0.301,1.29,14.60%,48.10%,37.30%,23.70%,10.20%,53.10%,23.50%,23.50%,15.20%,385,648,1033
180,Patrick Dorrian,PIT,A,23-23,255,0.329,1.32,25.60%,42.30%,32.10%,16.00%,12.00%,41.50%,27.00%,31.40%,12.40%,424,644,1068
181,Max Burt,NYY,A,22-22,279,0.272,1.38,19.90%,46.40%,33.70%,39.30%,11.50%,53.50%,26.70%,19.80%,14.80%,325,680,1005
182,Kyle Gray,NYY,A,22-22,340,0.335,1.03,22.10%,39.50%,38.50%,30.70%,6.70%,45.00%,28.20%,26.70%,10.50%,511,840,1351
183,Kyle Marinconz,WSN,A,23-23,429,0.296,0.86,17.00%,38.40%,44.60%,24.00%,3.90%,38.90%,25.60%,35.50%,7.60%,641,1051,1692
184,Brendan Venter,ATL,A,21-22,492,0.266,0.63,22.00%,30.20%,47.80%,26.60%,7.20%,56.90%,19.40%,23.70%,15.70%,613,1199,1812
185,Kyle Mottice,PIT,A,23-23,222,0.37,2.62,14.60%,61.80%,23.60%,32.40%,0.00%,31.80%,24.30%,43.90%,6.10%,327,528,855
186,Grant Lavigne,COL,A,19-19,526,0.314,1.75,16.90%,52.90%,30.30%,15.80%,7.40%,38.80%,24.10%,37.20%,10.90%,837,1243,2080
187,Brandon Howlett,BOS,A,19-19,465,0.337,1.09,25.50%,38.90%,35.60%,25.00%,9.10%,48.80%,28.60%,22.60%,14.00%,772,1162,1934
188,Willie MacIver,COL,A,22-22,480,0.3,0.85,17.80%,37.70%,44.50%,16.80%,9.10%,46.80%,27.60%,25.50%,13.90%,663,1174,1837
189,Jack Herman,PIT,A,19-19,300,0.333,1.43,22.70%,45.50%,31.80%,8.90%,23.20%,55.60%,22.50%,21.90%,13.30%,441,741,1182
190,Kyle Datres,COL,A,23-23,379,0.341,1.04,20.00%,40.90%,39.10%,16.70%,16.70%,47.10%,25.60%,27.30%,11.30%,563,865,1428
191,Zach Rheams,NYM,A,21-22,241,0.293,0.95,19.00%,39.40%,41.50%,25.40%,15.30%,42.30%,28.20%,29.60%,17.50%,298,580,878
192,Josh Breaux,NYY,A,21-21,216,0.32,1.22,19.60%,44.20%,36.20%,20.00%,26.00%,40.80%,29.60%,29.60%,21.70%,266,525,791
193,Michael Gretler,PIT,A,23-23,316,0.291,1.03,19.40%,40.80%,39.80%,21.80%,2.60%,51.30%,21.10%,27.60%,11.40%,446,760,1206
194,Cadyn Grenier,BAL,A,21-22,547,0.343,0.68,20.10%,32.30%,47.50%,22.90%,5.60%,41.60%,27.60%,30.80%,13.20%,821,1354,2175
195,Hunter Stovall,COL,A,22-22,330,0.279,1.27,13.60%,48.30%,38.00%,19.60%,1.10%,43.70%,25.90%,30.40%,9.20%,451,733,1184
196,Nick Horvath,BAL,A,22-22,443,0.264,0.87,11.30%,41.20%,47.50%,23.80%,5.70%,57.70%,26.20%,16.10%,10.90%,702,1037,1739
197,Jax Biggers,TEX,A,22-22,300,0.323,1.01,21.60%,39.40%,39.00%,20.50%,2.40%,41.20%,26.70%,32.10%,4.70%,459,691,1150
198,Eric Cole,KCR,A,22-22,543,0.273,0.75,24.10%,32.40%,43.40%,16.00%,6.80%,40.90%,24.90%,34.10%,11.30%,813,1360,2173
199,Bryce Bush,CHW,A,19-19,288,0.288,1.31,20.10%,45.30%,34.60%,18.20%,9.10%,44.80%,21.80%,33.30%,16.30%,406,721,1127
200,Zack Kone,PIT,A,22-22,303,0.274,1.25,19.90%,44.40%,35.70%,18.00%,3.30%,36.00%,27.00%,37.10%,15.50%,406,766,1172
201,Gerson Molina,NYM,A,23-23,326,0.35,1.38,21.40%,45.60%,33.00%,23.30%,6.70%,49.50%,23.70%,26.90%,17.70%,453,810,1263
202,Jackson Cluff,WSN,A,22-22,280,0.284,0.62,17.20%,31.70%,51.10%,27.20%,5.40%,44.80%,25.70%,29.50%,11.70%,362,642,1004
203,Drew Mendoza,WSN,A,21-21,239,0.348,0.92,14.20%,41.10%,44.70%,6.30%,6.30%,37.90%,21.40%,40.70%,13.30%,446,555,1001
204,Tim Tebow,NYM,A,29-29,244,0.308,3.63,21.30%,61.70%,17.00%,16.70%,12.50%,34.50%,21.60%,43.90%,13.00%,344,554,898
205,Cristian Paulino,SFG,A,25-25,258,0.33,1.19,10.20%,48.90%,40.90%,45.80%,5.60%,45.60%,26.40%,28.00%,12.60%,292,589,881
206,J.J. Franco,NYM,A,25-25,204,0.35,1.36,23.70%,43.90%,32.40%,22.20%,0.00%,36.60%,19.70%,43.70%,6.70%,344,457,801
207,Carlos Munoz,PIT,A,23-23,422,0.297,1.15,17.70%,43.90%,38.40%,22.20%,4.30%,40.00%,26.30%,33.70%,4.80%,669,958,1627
208,Boo Vazquez,MIA,A,24-24,277,0.373,1.16,22.80%,41.50%,35.70%,11.50%,9.80%,50.00%,22.70%,27.30%,12.50%,347,656,1003
209,Garrett Brown,PIT,A,24-24,212,0.338,1.98,16.10%,55.70%,28.20%,31.00%,2.40%,32.90%,34.80%,32.30%,14.50%,170,465,635
210,Carlos Duran,PHI,A,22-22,220,0.297,1.33,14.30%,49.00%,36.70%,33.30%,1.90%,40.60%,21.90%,37.40%,11.80%,265,541,806
211,Angel Aguilar,NYY,A,22-22,275,0.308,1.04,24.00%,38.70%,37.30%,26.30%,3.90%,52.40%,17.90%,29.70%,12.60%,321,633,954
212,Daniel Fajardo,BAL,A,22-24,411,0.284,1.27,12.00%,49.20%,38.70%,24.80%,1.60%,44.70%,24.00%,31.30%,10.60%,381,908,1289
213,Angelo Castellano,KCR,A,22-22,496,0.282,1.14,17.60%,43.90%,38.40%,30.80%,6.00%,50.70%,23.40%,25.90%,7.10%,702,1131,1833
214,Ricardo Valencia,TEX,A,24-24,286,0.343,1.34,18.00%,47.00%,35.00%,14.10%,7.80%,52.20%,23.40%,24.50%,12.00%,392,729,1121
215,Ryan Ripken,BAL,A,24-24,421,0.286,1.52,18.40%,49.20%,32.40%,30.40%,6.90%,42.20%,23.60%,34.20%,10.10%,473,1010,1483
216,Jameson Fisher,CHW,A,23-23,265,0.345,0.83,18.50%,36.90%,44.60%,13.30%,4.00%,39.40%,30.00%,30.60%,10.40%,392,599,991
217,Ty Moore,PIT,A,23-23,266,0.324,2.11,18.00%,55.60%,26.40%,17.00%,4.30%,43.10%,25.00%,31.90%,7.40%,373,641,1014
218,Vance Vizcaino,KCR,A,22-23,232,0.359,2.65,19.00%,58.80%,22.20%,11.80%,2.90%,31.40%,32.10%,36.50%,10.60%,316,503,819
219,Jose Vizcaino Jr.,SFG,A,23-24,343,0.346,1.47,18.50%,48.50%,33.00%,28.00%,4.00%,50.60%,23.40%,26.00%,12.30%,375,840,1215
220,Dalton Blaser,NYY,A,23-24,258,0.262,1.48,16.60%,49.70%,33.70%,33.30%,7.90%,44.40%,20.10%,35.40%,5.90%,352,576,928
221,Gregori Rivero,PHI,A,21-22,284,0.29,0.74,21.50%,33.50%,45.00%,16.00%,4.30%,45.00%,26.10%,28.90%,17.40%,271,689,960
222,Johan Cruz,CHW,A,22-23,533,0.301,1.19,20.50%,43.20%,36.30%,22.90%,5.30%,45.90%,25.20%,28.90%,10.10%,727,1315,2042
223,Frandy De La Rosa,SFG,A,21-21,219,0.313,1.61,19.50%,49.60%,30.80%,22.00%,12.20%,48.50%,29.40%,22.10%,15.00%,298,540,838
224,Alejandro Flores,WSN,A,22-22,245,0.244,1.34,12.10%,50.30%,37.60%,27.40%,9.70%,48.80%,22.70%,28.50%,11.40%,315,608,923
225,Aldrem Corredor,WSN,A,21-22,714,0.332,1.76,20.30%,50.80%,28.90%,13.40%,6.30%,38.90%,25.10%,35.90%,8.60%,1009,1724,2733
226,Victor Acosta,BOS,A,22-22,312,0.298,1.14,18.10%,43.60%,38.30%,28.00%,8.60%,51.40%,20.20%,28.40%,9.00%,369,728,1097
227,Isaias Lucena,BOS,A,22-23,398,0.307,1.96,18.80%,53.70%,27.50%,4.30%,10.00%,37.90%,27.50%,34.60%,12.60%,522,966,1488
228,Jean Angomas,SFG,A,22-23,372,0.309,1.79,25.20%,48.00%,26.80%,25.00%,1.30%,49.70%,21.30%,29.00%,6.30%,453,783,1236
229,Joel Diaz,COL,A,21-21,284,0.308,1.12,18.90%,42.90%,38.20%,27.20%,0.00%,41.70%,22.00%,36.20%,10.80%,326,665,991
230,Carlos Martínez,ATL,A,22-23,261,0.3,1.98,22.60%,51.40%,26.00%,22.20%,0.00%,38.40%,23.20%,38.40%,6.90%,279,551,830
231,Cord Sandberg,PHI,A,22-22,218,0.352,1.46,17.50%,49.00%,33.60%,27.10%,6.30%,38.60%,26.90%,34.50%,11.40%,294,545,839
232,Trae Arbet,PIT,A,22-22,349,0.297,1.16,17.10%,44.60%,38.30%,24.70%,10.60%,50.60%,25.10%,24.20%,19.70%,355,845,1200
233,Brandon Dulin,CHW,A,24-24,295,0.282,1.3,19.10%,45.70%,35.10%,18.20%,18.20%,51.00%,23.00%,26.00%,12.30%,439,727,1166
234,Chris Madera,BOS,A,24-24,210,0.324,1.46,19.90%,47.50%,32.60%,28.30%,10.90%,45.30%,26.40%,28.40%,10.60%,288,492,780
235,Steven Sensley,NYY,A,21-22,347,0.333,0.99,23.90%,37.80%,38.30%,25.90%,16.50%,45.40%,20.30%,34.40%,15.40%,459,863,1322
236,Edgar Cabral,PHI,A,21-21,263,0.281,1.09,17.00%,43.30%,39.70%,31.20%,2.60%,52.00%,19.20%,28.80%,9.90%,336,572,908
237,Brandon Brosher,NYM,A,22-22,261,0.343,1.17,18.80%,43.80%,37.50%,26.20%,31.00%,53.00%,18.80%,28.20%,15.90%,422,613,1035
238,Willie Abreu,COL,A,22-22,512,0.324,1.84,21.40%,50.90%,27.70%,23.60%,13.20%,37.90%,26.10%,36.10%,14.80%,537,1105,1642
239,Taylor Snyder,COL,A,22-23,698,0.317,1.08,17.80%,42.60%,39.60%,26.60%,11.00%,52.00%,24.40%,23.60%,16.30%,791,1643,2434
240,Jacob Heyward,SFG,A,21-21,412,0.292,1.35,22.10%,44.70%,33.20%,17.30%,12.30%,43.40%,26.70%,29.90%,12.50%,611,1021,1632
241,Brandon Wagner,NYY,A,21-21,439,0.381,1.56,25.30%,45.50%,29.20%,6.70%,9.30%,41.20%,30.80%,28.10%,10.40%,728,1035,1763
242,Ryan Kirby,SFG,A,22-23,606,0.306,0.88,21.00%,36.90%,42.00%,27.00%,10.10%,53.00%,21.00%,26.00%,15.40%,870,1458,2328
243,Robbie Perkins,COL,A,23-24,202,0.26,1.89,18.90%,53.00%,28.00%,21.60%,16.20%,41.80%,24.80%,33.30%,16.00%,211,462,673
244,Walter Rasquin,NYM,A,22-23,315,0.23,1.62,18.30%,50.50%,31.30%,21.50%,6.20%,47.30%,23.20%,29.50%,14.10%,382,698,1080
245,Jesus Alastre,PHI,A,20-21,207,0.361,1.8,22.80%,49.70%,27.60%,17.50%,2.50%,42.30%,26.80%,30.90%,13.70%,227,475,702
246,Jose Antequera,PHI,A,21-22,295,0.284,1.31,18.40%,46.30%,35.30%,32.40%,2.80%,45.50%,17.40%,37.10%,8.50%,380,686,1066
247,Tucker Tubbs,BOS,A,24-24,417,0.294,0.85,21.60%,36.10%,42.40%,25.40%,5.30%,54.70%,23.70%,21.60%,10.90%,590,1034,1624
248,Mitchell Gunsolus,BOS,A,24-24,431,0.33,1.41,17.80%,48.00%,34.20%,10.10%,2.90%,42.30%,28.80%,28.80%,10.80%,736,1070,1806
249,Skyler Ewing,SFG,A,24-24,354,0.28,0.8,23.50%,33.90%,42.50%,21.30%,13.80%,44.50%,27.30%,28.20%,12.00%,486,805,1291
250,Franklin Rollin,TEX,A,21-22,365,0.284,1.6,20.10%,49.20%,30.70%,34.60%,7.40%,50.90%,20.00%,29.10%,12.20%,371,834,1205
251,Melvin Novoa,TEX,A,22-23,439,0.292,1.07,24.20%,39.20%,36.60%,25.20%,12.20%,56.80%,23.90%,19.30%,11.60%,518,1042,1560
252,Rigoberto Terrazas,NYM,A,22-22,327,0.218,1.16,17.20%,44.40%,38.40%,23.60%,0.00%,40.60%,25.50%,33.90%,9.30%,438,766,1204
253,Luis Carpio,NYM,A,19-19,535,0.28,1.34,19.30%,46.30%,34.50%,17.10%,2.30%,43.60%,27.80%,28.60%,7.50%,742,1223,1965
254,Welfrin Mateo,NYY,A,22-23,439,0.3,1.15,22.40%,41.50%,36.10%,30.60%,5.60%,46.40%,27.90%,25.60%,10.60%,570,1011,1581
255,Mikey Edie,SFG,A,21-21,302,0.311,2.73,17.60%,60.30%,22.10%,15.90%,4.50%,44.80%,25.50%,29.70%,10.40%,339,691,1030
256,Kelvin Beltre,SFG,A,20-20,477,0.312,1.41,19.30%,47.20%,33.50%,21.30%,5.60%,43.10%,28.00%,28.90%,12.50%,660,1149,1809
257,Manuel Geraldo,SFG,A,20-21,645,0.343,3.68,16.50%,65.70%,17.80%,17.90%,15.40%,38.90%,22.00%,39.10%,13.70%,740,1589,2329
258,Adrian Valerio,PIT,A,20-20,352,0.305,0.96,18.90%,39.80%,41.30%,26.20%,10.30%,34.90%,28.00%,37.10%,12.80%,340,801,1141
259,Ramon Beltre,CHW,A,21-22,569,0.288,0.95,16.70%,40.50%,42.80%,29.30%,3.00%,46.40%,25.90%,27.70%,16.00%,582,1412,1994
260,Onil Pena,SEA,A,22-22,485,0.292,1.59,23.50%,47.00%,29.50%,8.10%,20.30%,49.00%,23.60%,27.40%,15.80%,756,1167,1923
261,Jean Carrillo,BAL,A,20-21,257,0.324,1.57,21.80%,47.70%,30.50%,32.10%,5.70%,38.10%,18.80%,43.10%,13.00%,345,633,978
262,Yeyson Yrizarri,TEX,A,20-20,283,0.303,1.07,20.70%,41.00%,38.20%,25.30%,6.00%,61.80%,22.20%,16.00%,13.80%,260,694,954
263,Jose Almonte,TEX,A,20-22,458,0.23,0.98,18.90%,40.20%,40.90%,38.30%,7.80%,51.70%,21.90%,26.40%,17.80%,457,1123,1580
264,Garvis Lara,MIA,A,21-22,353,0.291,1.68,22.80%,48.40%,28.80%,20.60%,9.50%,55.20%,20.40%,24.30%,13.60%,450,871,1321
265,Carlos Tovar,BOS,A,21-21,301,0.279,1.71,15.80%,53.20%,31.00%,27.00%,3.20%,38.90%,20.80%,40.30%,10.10%,344,691,1035
266,Roldani Baldwin,BOS,A,21-21,394,0.305,0.89,19.00%,38.10%,42.90%,22.20%,11.10%,52.30%,22.00%,25.70%,14.30%,440,998,1438
267,Jhonny Santos,MIA,A,20-21,427,0.298,0.87,19.30%,37.50%,43.20%,28.50%,5.70%,49.70%,23.30%,27.00%,8.60%,597,1000,1597
268,Samuel Miranda,BOS,A,20-21,239,0.268,1.92,15.20%,55.80%,29.10%,29.20%,6.30%,50.90%,18.50%,30.60%,15.20%,245,584,829
269,Telmito Agustin,WSN,A,20-20,315,0.34,1.65,20.80%,49.30%,29.90%,18.20%,13.60%,40.50%,23.30%,36.10%,14.50%,379,713,1092
270,Anderson Franco,WSN,A,19-20,716,0.25,1.03,19.80%,40.70%,39.50%,30.90%,7.20%,45.00%,26.70%,28.30%,10.00%,990,1647,2637
271,Manuel Melendez,COL,A,20-20,516,0.301,1.85,17.20%,53.80%,29.00%,25.20%,9.60%,41.80%,25.50%,32.70%,11.90%,438,1159,1597
272,Jose Gomez,COL,A,20-20,351,0.384,1.87,22.40%,50.60%,27.10%,20.30%,5.80%,39.70%,30.30%,30.00%,10.30%,375,810,1185
273,Ramon Marcelino,COL,A,21-21,448,0.25,0.76,16.10%,36.20%,47.70%,26.90%,15.20%,54.90%,23.00%,22.10%,21.40%,358,1084,1442
274,Eduardo Navas,NYY,A,21-23,584,0.252,1.41,17.40%,48.30%,34.30%,36.90%,4.10%,51.60%,17.40%,31.00%,17.00%,690,1417,2107
275,Chase Vallot,KCR,A,22-22,328,0.348,0.41,21.10%,22.80%,56.10%,21.70%,20.30%,47.20%,26.00%,26.80%,22.00%,524,851,1375
276,Justin Twine,MIA,A,21-21,276,0.249,1.56,11.70%,53.80%,34.50%,22.00%,5.10%,41.00%,27.00%,32.00%,14.70%,303,653,956
277,Ti'Quan Forbes,TEX,A,20-20,320,0.298,1.29,22.30%,43.80%,33.90%,15.80%,10.50%,45.60%,24.80%,29.60%,16.70%,309,772,1081
278,Carlos Vidal,NYY,A,21-22,586,0.329,1.74,22.40%,49.30%,28.30%,22.70%,3.40%,45.80%,21.30%,32.90%,8.40%,820,1349,2169
279,Milton Ramos,BAL,A,21-21,386,0.297,2.51,17.50%,59.00%,23.50%,11.10%,3.20%,45.70%,24.30%,30.00%,13.20%,408,891,1299
280,Jose Miguel Medina,NYM,A,20-22,318,0.282,1.3,20.20%,45.10%,34.70%,24.30%,6.80%,42.30%,22.50%,35.10%,13.80%,412,744,1156
281,Max George,COL,A,21-23,588,0.293,0.56,18.80%,29.20%,52.00%,34.70%,6.50%,47.00%,26.50%,26.50%,10.20%,825,1333,2158
282,Dash Winningham,NYM,A,21-21,474,0.28,0.74,19.90%,34.20%,46.00%,20.30%,8.80%,42.20%,28.60%,29.20%,10.50%,692,1192,1884
283,Blaine Prescott,TEX,A,21-21,405,0.279,0.83,18.50%,36.90%,44.60%,25.00%,7.00%,41.70%,25.20%,33.10%,10.90%,487,1003,1490
284,Manny Olloque,KCR,A,21-22,593,0.323,1.05,18.20%,42.00%,39.80%,17.20%,8.60%,38.10%,24.00%,37.90%,11.60%,815,1480,2295
285,Tate Blackman,CHW,A,23-23,527,0.326,0.95,17.20%,40.40%,42.40%,17.50%,13.50%,46.40%,27.30%,26.30%,15.00%,789,1312,2101
286,Drew Lugbauer,ATL,A,20-21,591,0.35,1.17,25.60%,40.20%,34.20%,20.00%,13.00%,51.30%,19.20%,29.50%,16.60%,865,1442,2307
287,Alejandro Juvier,BAL,A,21-21,428,0.326,1.99,15.70%,56.10%,28.20%,12.70%,5.10%,36.50%,27.00%,36.50%,14.20%,507,1015,1522
288,Gerrion Grim,BAL,A,23-23,392,0.259,1.27,9.60%,50.60%,39.80%,24.00%,16.30%,44.40%,20.00%,35.60%,17.90%,404,979,1383
289,Isiah Gilliam,NYY,A,20-20,511,0.329,1.17,26.00%,39.80%,34.10%,8.80%,13.20%,46.80%,24.70%,28.50%,10.70%,781,1239,2020
290,Rudy Martin,KCR,A,21-23,238,0.356,1.41,22.10%,45.60%,32.40%,20.50%,11.40%,41.30%,29.40%,29.40%,13.60%,354,577,931
291,Tyler Hill,BOS,A,21-21,513,0.307,1.3,21.90%,44.10%,33.90%,28.50%,6.90%,44.10%,22.80%,33.10%,8.10%,672,1214,1886
292,Chris Hudgins,KCR,A,23-23,202,0.292,1,19.70%,40.20%,40.20%,29.40%,17.60%,40.30%,28.70%,31.00%,19.10%,230,466,696
293,Evan Skoug,CHW,A,21-23,462,0.256,1.05,14.60%,43.70%,41.70%,18.90%,7.50%,44.90%,23.60%,31.60%,16.90%,709,1119,1828
294,Kirvin Moesquit,BAL,A,23-23,465,0.313,2.05,15.90%,56.50%,27.60%,21.20%,4.70%,40.70%,20.80%,38.50%,8.50%,644,1087,1731
295,Quinn Brodey,NYM,A,21-22,388,0.278,1.3,22.20%,44.00%,33.70%,17.10%,13.40%,47.30%,22.40%,30.20%,15.30%,483,953,1436
296,Arnaldo Berrios,NYM,A,21-21,221,0.292,2,14.60%,56.90%,28.50%,21.60%,2.70%,42.90%,20.30%,36.80%,13.70%,284,535,819
297,Travis Jones,KCR,A,22-22,261,0.355,1.79,21.60%,50.30%,28.10%,14.90%,10.60%,43.10%,24.70%,32.20%,9.30%,367,602,969
298,Scott Manea,NYM,A,22-22,405,0.291,1.55,17.30%,50.20%,32.50%,27.30%,13.60%,55.00%,17.90%,27.10%,8.50%,544,864,1408
299,Kevin Josephina,ATL,A,20-21,501,0.305,1.79,18.90%,52.00%,29.10%,26.20%,1.00%,46.10%,24.90%,29.00%,9.60%,525,1120,1645
300,Carlos Herrera,COL,A,20-20,282,0.256,1.96,20.20%,52.90%,26.90%,33.90%,7.10%,38.10%,23.40%,38.50%,13.10%,290,654,944
301,Marten Gasparini,KCR,A,20-21,829,0.309,1.32,16.70%,47.40%,35.90%,25.00%,7.20%,40.50%,26.50%,33.00%,16.40%,962,1964,2926
302,Isael Soto,MIA,A,21-21,380,0.272,1.08,17.60%,42.90%,39.60%,22.70%,15.50%,45.80%,23.30%,30.90%,14.20%,447,902,1349
303,Leonardo Molina,NYY,A,19-20,542,0.314,1.25,21.20%,43.80%,34.90%,23.10%,1.50%,52.20%,18.60%,29.20%,12.10%,670,1300,1970
304,Micker Adolfo,CHW,A,20-20,473,0.366,0.97,18.60%,40.10%,41.20%,18.60%,14.20%,45.40%,27.50%,27.10%,18.60%,603,1140,1743
305,Hansel Moreno,NYM,A,21-22,489,0.328,1.2,25.30%,40.80%,33.90%,27.20%,12.60%,45.50%,26.90%,27.60%,16.70%,584,1148,1732
306,Nico Giarratano,SFG,A,24-24,221,0.285,1.26,27.30%,40.50%,32.20%,23.10%,0.00%,40.00%,29.60%,30.40%,13.70%,301,534,835
307,Preston Palmeiro,BAL,A,22-22,544,0.319,1.42,14.60%,50.10%,35.30%,9.50%,10.30%,44.00%,27.70%,28.30%,17.30%,718,1276,1994
308,Arden Pabst,PIT,A,22-22,258,0.289,0.86,17.50%,38.30%,44.30%,14.80%,4.90%,41.30%,29.60%,29.10%,9.70%,362,632,994
309,Raul Rivas,PHI,A,20-20,291,0.349,2.56,17.00%,59.70%,23.30%,18.80%,0.00%,40.00%,26.80%,33.20%,9.30%,321,682,1003
310,Marino Campana,BOS,A,20-21,536,0.298,1.06,18.50%,42.00%,39.60%,19.50%,12.80%,44.50%,27.50%,28.00%,19.90%,659,1347,2006
311,Joseph Rosa,SEA,A,22-22,318,0.337,1.18,21.70%,42.40%,36.00%,31.50%,4.10%,44.10%,25.60%,30.30%,8.90%,483,720,1203
312,Randy Ventura,ATL,A,19-19,413,0.372,2.25,10.00%,62.30%,27.70%,26.30%,1.30%,26.00%,26.30%,47.70%,9.90%,461,1060,1521
313,Anthony Concepcion,ATL,A,22-22,338,0.289,1.38,12.90%,50.50%,36.70%,15.60%,6.50%,47.70%,21.10%,31.20%,13.00%,439,768,1207
314,Marcos Rivera,MIA,A,21-21,426,0.325,1.55,20.10%,48.60%,31.30%,15.40%,15.40%,47.30%,25.80%,27.00%,17.30%,537,1005,1542
315,Pablo Olivares,NYY,A,19-20,360,0.337,1.3,21.30%,44.60%,34.20%,20.70%,6.10%,49.20%,24.40%,26.40%,10.90%,427,827,1254
316,Wilkerman Garcia,NYY,A,20-21,606,0.273,1.05,19.40%,41.40%,39.30%,30.40%,5.40%,48.80%,23.60%,27.70%,10.90%,701,1482,2183
317,Frederick Cuevas,NYY,A,20-21,483,0.298,1.67,18.80%,50.80%,30.40%,27.80%,2.10%,41.70%,24.50%,33.80%,11.20%,603,1176,1779
318,Jason Lopez,NYY,A,20-20,274,0.34,1.15,19.90%,42.90%,37.20%,32.40%,11.30%,58.70%,21.90%,19.40%,11.40%,328,627,955
319,Pedro Gonzalez,TEX,A,20-21,830,0.304,1.07,17.90%,42.50%,39.70%,29.00%,17.50%,51.00%,24.70%,24.30%,16.50%,1134,2005,3139
320,Edgardo Fermin,NYM,A,20-20,471,0.256,1.15,18.60%,43.50%,37.90%,24.60%,6.60%,46.20%,25.40%,28.40%,13.60%,585,1173,1758
321,Joe Dudek,KCR,A,22-22,304,0.271,1.35,18.50%,46.80%,34.70%,18.30%,15.00%,42.90%,26.90%,30.30%,12.40%,475,731,1206
322,Daniel Brito,PHI,A,19-20,859,0.293,1.32,17.90%,46.80%,35.40%,17.90%,4.60%,47.40%,23.50%,29.20%,10.10%,1060,2063,3123
323,Omar Meregildo,WSN,A,20-21,369,0.343,0.73,21.00%,33.30%,45.70%,21.00%,10.00%,50.20%,25.10%,24.70%,15.50%,508,914,1422
324,Andres Angulo,SFG,A,21-21,272,0.275,1.24,17.60%,45.60%,36.80%,35.80%,4.50%,46.00%,23.50%,30.50%,13.40%,327,680,1007
325,Lorenzo Cedrola,BOS,A,19-20,608,0.335,1.25,18.70%,45.20%,36.10%,27.90%,2.30%,45.80%,21.30%,32.90%,8.30%,594,1423,2017
326,Aaron Knapp,MIA,A,22-23,598,0.318,1.34,17.50%,47.30%,35.20%,23.50%,5.00%,37.60%,28.50%,33.90%,9.80%,981,1483,2464
327,Michael Hernandez,MIA,A,23-23,231,0.275,1.16,20.50%,42.60%,36.90%,17.80%,8.90%,39.70%,23.00%,37.30%,17.10%,304,587,891
328,Jarett Rindfleisch,MIA,A,21-21,355,0.314,1.28,17.80%,46.20%,36.10%,34.70%,8.00%,47.00%,28.60%,24.40%,9.90%,534,871,1405
329,Cole Billingsley,BAL,A,23-23,523,0.347,1.34,17.00%,47.50%,35.40%,18.60%,2.30%,46.00%,24.20%,29.80%,7.60%,674,1234,1908
330,Jay Jabs,NYM,A,22-23,480,0.262,0.93,17.20%,39.90%,42.90%,22.80%,7.10%,53.70%,24.70%,21.70%,12.30%,694,1221,1915
331,Dan Rizzie,NYM,A,23-24,226,0.333,1.33,17.90%,46.90%,35.20%,17.50%,0.00%,44.30%,26.30%,29.30%,8.40%,315,514,829
332,Nick Banks,WSN,A,22-23,698,0.302,2.07,17.50%,55.60%,26.90%,23.00%,9.60%,38.00%,23.20%,38.80%,12.70%,821,1526,2347
333,Frank Crinella,BAL,A,23-24,367,0.282,1.18,11.70%,47.70%,40.60%,13.40%,1.00%,50.20%,20.20%,29.60%,12.50%,465,932,1397
334,Vince Fernandez,COL,A,21-21,428,0.356,1,25.40%,37.30%,37.30%,14.30%,17.60%,52.50%,27.20%,20.20%,17.20%,609,991,1600
335,Casey Golden,COL,A,23-23,524,0.378,0.55,19.00%,28.60%,52.40%,13.30%,23.80%,42.40%,30.70%,26.90%,15.00%,758,1325,2083
336,Eric Gutierrez,MIA,A,23-24,454,0.287,0.97,20.00%,39.40%,40.60%,20.90%,6.70%,49.40%,23.80%,26.80%,8.30%,655,1100,1755
337,Gene Cone,NYM,A,22-22,370,0.278,2.1,22.90%,52.20%,24.90%,6.60%,0.00%,39.40%,26.50%,34.10%,7.30%,598,900,1498
338,Michael Paez,NYM,A,22-22,263,0.345,0.75,21.80%,33.50%,44.70%,19.70%,10.50%,52.00%,23.70%,24.30%,10.60%,385,612,997
339,Kort Peterson,KCR,A,23-23,223,0.393,1.6,20.60%,48.90%,30.50%,16.30%,2.30%,42.00%,27.30%,30.80%,13.90%,290,529,819
340,Corey Bird,MIA,A,21-21,331,0.363,1.58,15.80%,51.60%,32.60%,16.70%,1.40%,34.60%,27.40%,38.00%,7.00%,441,781,1222
341,David Martinelli,PHI,A,22-22,327,0.277,0.94,16.70%,40.40%,42.90%,27.60%,6.90%,46.50%,23.90%,29.60%,17.40%,391,793,1184
342,Blake Tiberi,NYM,A,22-23,381,0.312,0.89,24.70%,35.50%,39.80%,16.00%,4.00%,38.40%,25.10%,36.50%,7.60%,565,870,1435
343,Eric Jenkins,TEX,A,20-21,391,0.325,1.26,19.30%,45.10%,35.70%,18.40%,4.60%,40.20%,32.50%,27.30%,16.10%,492,930,1422
344,Desmond Lindsay,NYM,A,20-20,251,0.298,0.8,21.70%,34.80%,43.50%,16.70%,13.30%,35.30%,26.60%,38.10%,13.40%,388,604,992
345,Lucas Herbert,ATL,A,20-20,414,0.282,1.47,20.50%,47.30%,32.20%,28.10%,8.30%,45.60%,21.80%,32.60%,10.90%,503,938,1441
346,Jagger Rusconi,BOS,A,20-21,307,0.279,1.49,16.90%,49.70%,33.30%,21.50%,7.70%,49.00%,23.00%,27.90%,18.50%,330,767,1097
347,Corey Zangari,CHW,A,21-22,345,0.265,0.43,14.00%,25.80%,60.10%,27.10%,14.00%,44.20%,32.60%,23.20%,19.80%,536,810,1346
348,Seamus Curran,BAL,A,20-21,821,0.279,1.22,18.30%,44.90%,36.80%,16.80%,16.20%,47.00%,24.10%,28.90%,16.40%,1182,2019,3201
349,Gabriel Cancel,KCR,A,20-20,433,0.334,1.05,20.50%,40.80%,38.70%,25.70%,12.40%,49.20%,23.00%,27.90%,10.00%,549,1004,1553
350,Giovanny Alfonzo,NYM,A,25-25,277,0.255,1.07,23.10%,39.70%,37.20%,13.50%,2.70%,39.70%,27.30%,33.00%,11.70%,333,645,978
351,Kurt Hoekstra,ATL,A,24-25,578,0.317,1.64,20.10%,49.60%,30.30%,12.40%,4.10%,36.80%,22.70%,40.50%,7.20%,791,1468,2259
352,James Nelson,MIA,A,19-19,432,0.399,2.4,21.60%,55.30%,23.00%,18.50%,10.80%,47.10%,21.70%,31.20%,13.50%,522,1059,1581
353,Branden Becker,BAL,A,21-22,406,0.338,2.12,16.10%,57.00%,26.90%,15.60%,5.20%,45.00%,18.90%,36.10%,9.80%,525,974,1499
354,Grant Massey,CHW,A,24-24,357,0.308,1.77,18.70%,52.00%,29.40%,25.70%,0.00%,38.60%,24.00%,37.50%,12.90%,359,855,1214
355,Wagner Lagrange,NYM,A,23-23,273,0.328,1.4,26.00%,43.10%,30.90%,17.50%,6.30%,51.70%,21.50%,26.80%,10.20%,343,678,1021
356,Ashford Fulmer,SFG,A,24-24,287,0.296,2.76,18.90%,59.50%,21.60%,29.30%,2.40%,39.20%,22.10%,38.70%,8.20%,401,663,1064
357,Albert Baur,PIT,A,25-25,442,0.357,1.15,23.20%,41.20%,35.70%,13.50%,7.20%,44.90%,24.20%,30.90%,9.90%,632,1052,1684
358,Bobby Wernes,COL,A,22-22,293,0.33,0.93,20.80%,38.20%,41.10%,18.80%,5.90%,47.20%,21.50%,31.30%,5.40%,439,708,1147
359,Angelo La Bruna,WSN,A,25-25,272,0.274,1.59,21.50%,48.20%,30.40%,34.50%,0.00%,47.80%,26.40%,25.90%,11.80%,278,656,934
360,Ben Pelletier,PHI,A,20-20,411,0.263,0.78,16.30%,36.70%,47.10%,21.20%,11.50%,52.90%,26.00%,21.10%,19.50%,531,1040,1571
361,Michael Hickman,CHW,A,21-22,543,0.309,0.88,20.50%,37.20%,42.20%,27.10%,6.30%,48.40%,20.20%,31.30%,16.30%,649,1331,1980
362,Ricardo Rodriguez,ATL,A,21-21,264,0.295,1.39,14.60%,49.70%,35.70%,34.80%,0.00%,44.30%,20.60%,35.10%,11.20%,316,627,943
363,Gilbert Lara,WSN,A,21-21,343,0.293,1.64,14.80%,53.00%,32.20%,22.40%,11.80%,45.40%,17.50%,37.10%,17.40%,384,807,1191
364,Amado Nunez,CHW,A,21-21,325,0.284,1.58,13.60%,52.90%,33.50%,12.50%,12.50%,52.50%,20.70%,26.80%,19.00%,414,842,1256
365,Ricky Aracena,KCR,A,19-21,471,0.287,1.33,13.10%,49.50%,37.40%,26.70%,2.50%,39.80%,26.90%,33.30%,12.90%,500,1064,1564
366,Samuel Castro,MIA,A,20-20,216,0.352,4.17,15.60%,68.10%,16.30%,21.70%,4.30%,44.10%,27.30%,28.70%,13.50%,245,501,746
367,Arquímedes Gamboa,PHI,A,19-19,350,0.291,1.31,17.00%,47.10%,35.90%,24.70%,6.50%,49.80%,20.40%,29.80%,7.00%,481,790,1271
368,Rodolfo Durán,PHI,A,20-20,336,0.285,1.08,22.50%,40.30%,37.30%,34.10%,20.50%,53.80%,24.20%,22.10%,10.30%,436,810,1246
369,Izzy Wilson,ATL,A,19-20,448,0.339,1.37,16.30%,48.40%,35.30%,30.80%,8.80%,56.30%,23.50%,20.10%,16.70%,608,1025,1633
370,Malvin Matos,PHI,A,21-22,465,0.317,1.27,19.60%,44.90%,35.40%,36.60%,9.90%,50.70%,26.20%,23.20%,11.30%,700,1120,1820
371,Jeremy Fernandez,ATL,A,21-21,298,0.321,1.34,13.50%,49.50%,36.90%,34.10%,1.20%,36.00%,30.20%,33.80%,15.30%,284,742,1026
372,Jeison Guzmán,KCR,A,19-20,726,0.313,1.95,18.70%,53.80%,27.60%,25.00%,6.60%,42.40%,28.20%,29.40%,14.20%,851,1700,2551
373,Justin Yurchak,CHW,A,21-21,363,0.302,2.24,22.10%,53.90%,24.00%,25.80%,1.60%,43.80%,21.90%,34.30%,5.30%,580,883,1463
374,Brett Cumberland,ATL,A,22-22,236,0.33,0.45,17.80%,25.40%,56.80%,23.90%,14.90%,47.10%,21.80%,31.10%,13.00%,356,539,895
375,Colby Fitch,PHI,A,21-22,390,0.316,0.9,25.20%,35.50%,39.30%,25.00%,8.30%,51.30%,22.80%,25.90%,11.10%,639,922,1561
376,Reed Rohlman,KCR,A,24-24,515,0.331,1.59,22.30%,47.80%,30.00%,24.80%,5.00%,43.90%,19.60%,36.50%,14.70%,682,1263,1945
377,Orlando Garcia,SFG,A,22-23,609,0.317,1.38,21.20%,45.60%,33.10%,14.90%,7.90%,44.40%,25.10%,30.40%,12.70%,914,1528,2442
378,Tanner Gardner,TEX,A,21-23,209,0.276,0.71,18.20%,34.10%,47.70%,31.70%,4.80%,54.70%,19.00%,26.30%,10.50%,291,509,800
379,Jeremy Vasquez,NYM,A,21-21,334,0.35,0.99,28.60%,35.50%,35.90%,10.10%,7.60%,45.10%,25.00%,29.90%,9.60%,475,777,1252
380,Michael Gigliotti,KCR,A,21-23,403,0.376,1.67,22.20%,48.70%,29.10%,25.00%,3.90%,39.10%,24.80%,36.10%,7.20%,640,952,1592
381,Matt McLaughlin,COL,A,22-22,399,0.311,1.16,21.00%,42.40%,36.60%,10.90%,4.00%,40.50%,22.70%,36.80%,7.30%,537,976,1513
382,Kyle Watson,PIT,A,22-22,341,0.297,1.46,18.60%,48.30%,33.10%,14.00%,7.00%,37.20%,27.30%,35.50%,12.50%,541,895,1436
383,Kameron Esthay,WSN,A,23-23,369,0.31,0.87,23.00%,35.80%,41.20%,34.50%,11.90%,46.00%,21.80%,32.20%,18.90%,435,901,1336
384,Cole Freeman,WSN,A,23-23,522,0.298,1.03,20.30%,40.50%,39.20%,32.20%,2.00%,51.70%,23.30%,25.00%,5.80%,700,1198,1898
385,Tyler Frost,CHW,A,22-22,464,0.305,0.9,20.60%,37.50%,41.90%,21.60%,15.50%,55.10%,26.50%,18.40%,12.80%,692,1203,1895
386,Deon Stafford,PIT,A,22-22,382,0.321,1.1,21.40%,41.20%,37.40%,28.10%,12.40%,53.80%,22.10%,24.10%,14.90%,503,914,1417
387,Matt Whatley,TEX,A,22-23,486,0.285,0.9,21.10%,37.30%,41.60%,23.40%,3.90%,39.30%,27.20%,33.40%,9.90%,756,1115,1871
388,Derian Cruz,ATL,A,18-20,647,0.284,1.32,21.50%,44.60%,33.90%,23.70%,2.90%,46.00%,24.90%,29.10%,18.40%,616,1536,2152
389,Jose Bermudez,ATL,A,20-21,305,0.362,2.78,18.10%,60.20%,21.60%,16.20%,2.70%,39.00%,24.20%,36.80%,19.90%,312,725,1037
390,Diego Rincones,SFG,A,20-20,442,0.327,1.03,20.00%,40.60%,39.40%,33.80%,3.70%,43.00%,23.90%,33.00%,9.90%,523,1044,1567
391,Rubendy Jaquez,KCR,A,20-20,466,0.307,1.66,19.90%,50.00%,30.10%,14.60%,6.70%,39.50%,25.50%,35.00%,13.70%,608,1051,1659
392,Cristian Perez,KCR,A,19-19,345,0.31,1.31,18.40%,46.30%,35.30%,28.10%,3.10%,41.20%,24.30%,34.50%,8.70%,329,752,1081
393,Seuly Matias,KCR,A,19-19,376,0.264,0.74,19.40%,34.20%,46.40%,17.60%,34.10%,44.00%,26.80%,29.20%,22.60%,445,920,1365
394,Shael Mendoza,COL,A,21-22,284,0.316,2.04,15.90%,56.40%,27.70%,25.90%,3.70%,40.10%,32.70%,27.20%,18.60%,236,620,856
395,Daniel Montano,COL,A,20-20,504,0.276,0.78,17.60%,36.10%,46.30%,14.80%,4.50%,38.90%,31.40%,29.70%,12.50%,647,1218,1865
396,Pedro Castellanos,BOS,A,19-20,374,0.35,1.66,20.20%,49.80%,30.00%,20.20%,1.10%,40.50%,20.70%,38.80%,8.50%,383,846,1229
397,Everlouis Lozada,BOS,A,19-20,665,0.308,1.88,16.20%,54.70%,29.10%,4.80%,5.60%,34.10%,24.30%,41.60%,11.80%,908,1718,2626
398,Kervin Suarez,BOS,A,19-20,753,0.333,1.41,17.20%,48.40%,34.40%,26.40%,6.30%,45.60%,26.80%,27.50%,19.80%,898,1945,2843
399,Eduardo Torrealba,NYY,A,20-20,370,0.307,2.63,19.70%,58.20%,22.10%,24.10%,1.90%,35.80%,21.00%,43.20%,10.10%,482,867,1349
400,Shervyen Newton,NYM,A,20-20,423,0.303,1.45,23.80%,45.10%,31.10%,15.10%,12.30%,46.30%,22.50%,31.10%,16.40%,610,1086,1696
401,Jonathan Guzmán,PHI,A,19-19,514,0.308,1.46,20.30%,47.30%,32.40%,25.80%,2.50%,44.00%,20.30%,35.70%,10.70%,584,1220,1804
402,Ismael Munguia,SFG,A,19-20,574,0.303,2.34,16.40%,58.50%,25.10%,36.30%,1.80%,41.50%,20.00%,38.50%,5.30%,701,1271,1972
403,Juan Pascal,WSN,A,20-21,211,0.243,1.73,11.80%,55.90%,32.40%,38.60%,0.00%,47.20%,21.80%,31.00%,13.40%,257,498,755
404,Miguel Aparicio,TEX,A,18-20,854,0.267,1.31,20.00%,45.30%,34.70%,25.80%,9.40%,44.40%,26.70%,28.90%,12.10%,917,2052,2969
405,Dennicher Carrasco,KCR,A,22-22,248,0.291,1.1,17.10%,43.50%,39.40%,13.40%,14.90%,44.30%,28.40%,27.30%,13.80%,282,588,870
406,Yerwin Trejo,PHI,A,22-22,241,0.333,2.37,14.80%,59.90%,25.30%,26.80%,2.40%,39.10%,29.00%,32.00%,11.60%,290,577,867
407,Lolo Sanchez,PIT,A,19-20,704,0.302,1.16,17.10%,44.50%,38.40%,34.20%,4.10%,56.80%,21.90%,21.30%,6.30%,885,1511,2396
408,Cole Stobbe,PHI,A,20-21,443,0.33,0.66,24.00%,30.30%,45.70%,29.70%,15.80%,52.20%,23.90%,23.90%,18.70%,633,1121,1754
409,Thomas Jones,MIA,A,20-20,440,0.313,1.34,17.80%,47.00%,35.20%,23.60%,10.10%,42.80%,30.30%,26.90%,15.60%,563,1113,1676
410,Kole Enright,TEX,A,20-21,532,0.31,1.23,19.60%,44.30%,36.10%,22.00%,11.90%,42.80%,26.00%,31.30%,11.40%,727,1281,2008
411,Alexis Torres,BAL,A,19-21,266,0.307,1.26,14.30%,47.80%,37.90%,19.70%,0.00%,37.30%,28.30%,34.30%,13.40%,377,692,1069
412,Henri Lartigue,PHI,A,22-22,365,0.309,1.2,18.30%,44.60%,37.10%,25.80%,8.60%,54.10%,23.00%,23.00%,14.50%,444,860,1304
413,Ryan Scott,BOS,A,23-23,477,0.299,1.05,18.00%,42.00%,40.00%,20.30%,11.90%,41.40%,21.90%,36.80%,13.20%,642,1188,1830
414,Luis Curbelo,CHW,A,20-21,599,0.298,0.86,19.60%,37.20%,43.30%,28.40%,5.20%,40.70%,21.30%,38.00%,19.10%,680,1493,2173
415,Cal Jones,KCR,A,20-20,336,0.337,1.23,19.30%,44.40%,36.20%,20.00%,10.70%,47.90%,23.90%,28.20%,17.20%,411,801,1212
416,Alan Marrero,BOS,A,20-21,247,0.298,0.81,20.30%,35.80%,43.90%,31.50%,13.00%,46.50%,28.70%,24.80%,18.90%,399,597,996
417,Clark Eagan,PIT,A,22-22,482,0.282,1.13,15.50%,44.80%,39.70%,33.10%,5.40%,45.20%,21.40%,33.30%,6.80%,557,1054,1611
418,Marcus Mooney,ATL,A,23-23,474,0.27,1.47,16.40%,49.70%,33.90%,24.20%,0.00%,47.50%,20.10%,32.40%,6.00%,561,1082,1643
419,Paul Panaccione,WSN,A,23-24,256,0.24,1.32,13.20%,49.30%,37.50%,28.10%,5.30%,48.10%,22.20%,29.70%,10.80%,383,611,994
420,Josh Stephen,PHI,A,20-20,337,0.299,1.51,19.70%,48.30%,31.90%,27.60%,5.30%,49.40%,18.40%,32.20%,10.50%,401,814,1215
421,Armond Upshaw,WSN,A,22-23,658,0.334,1.6,16.50%,51.40%,32.20%,25.20%,3.40%,43.80%,28.20%,28.00%,13.60%,898,1615,2513
422,Mitch Roman,CHW,A,22-22,564,0.325,1.89,18.70%,53.20%,28.10%,16.20%,2.70%,40.60%,26.70%,32.70%,11.00%,640,1306,1946
423,Alex Kowalczyk,TEX,A,23-23,376,0.38,1.58,25.60%,45.60%,28.80%,8.30%,12.50%,42.40%,22.40%,35.30%,11.50%,541,883,1424
424,Jose Layer,SFG,A,22-22,340,0.277,1.94,16.00%,55.40%,28.60%,30.30%,6.10%,56.70%,19.70%,23.50%,12.60%,388,834,1222
425,Brett Barbier,PHI,A,23-23,206,0.31,1.04,18.30%,41.70%,40.00%,16.70%,8.30%,41.80%,30.30%,27.90%,12.00%,302,496,798
426,Jacob Zanon,NYM,A,22-22,209,0.314,1.64,23.10%,47.80%,29.10%,17.90%,2.60%,36.70%,24.50%,38.80%,6.30%,332,496,828
427,J.R. Davis,SEA,A,24-24,200,0.287,1.18,14.30%,46.40%,39.30%,23.60%,3.60%,49.00%,19.30%,31.70%,8.00%,243,446,689
428,Jacob Bosiokovic,COL,A,23-25,374,0.378,1.01,22.30%,39.10%,38.60%,34.20%,19.70%,49.00%,27.50%,23.50%,20.80%,452,950,1402
429,Anthony Villa,CHW,A,24-24,250,0.38,0.83,21.40%,35.70%,42.90%,8.30%,5.00%,40.70%,28.60%,30.70%,13.90%,395,634,1029
430,Brandon Van Horn,SFG,A,23-23,305,0.33,1.83,18.30%,52.90%,28.80%,10.00%,5.00%,39.80%,25.80%,34.40%,12.10%,333,728,1061
431,Luis Pintor,MIA,A,22-22,453,0.27,1.31,17.30%,46.90%,35.80%,23.70%,3.50%,43.60%,22.40%,34.00%,7.70%,608,1085,1693
432,Chris Clare,BAL,A,22-22,355,0.297,1.44,12.40%,51.70%,35.90%,23.80%,2.40%,49.60%,19.40%,31.00%,6.60%,584,849,1433
433,Joel Booker,CHW,A,23-23,321,0.379,2.16,17.10%,56.70%,26.20%,14.50%,5.50%,46.30%,24.20%,29.50%,13.90%,349,737,1086
434,Kevin Mahala,PIT,A,22-22,363,0.309,1.08,17.20%,43.00%,39.80%,31.80%,4.50%,50.60%,24.70%,24.70%,14.40%,473,852,1325
435,Malique Ziegler,SFG,A,21-21,214,0.322,0.71,22.30%,32.20%,45.50%,29.10%,7.30%,50.40%,24.00%,25.60%,10.70%,327,533,860
436,Griffin Benson,ATL,A,20-21,466,0.304,1.16,13.90%,46.20%,39.90%,16.80%,13.70%,51.00%,24.70%,24.30%,15.10%,702,1087,1789
437,Jeffry Parra,SFG,A,20-21,454,0.233,1.1,21.50%,41.00%,37.50%,27.70%,12.80%,54.00%,22.40%,23.60%,13.00%,650,1100,1750
438,Nick Hill,SFG,A,23-23,215,0.436,2.29,27.50%,50.50%,22.00%,12.50%,4.20%,47.30%,30.40%,22.30%,14.30%,298,537,835
439,Colby Lusignan,MIA,A,24-24,337,0.363,2.54,21.20%,56.50%,22.30%,7.30%,22.00%,45.20%,24.50%,30.30%,15.40%,469,799,1268
440,Walker Olis,MIA,A,23-23,246,0.245,1.11,13.50%,45.50%,41.00%,32.80%,6.30%,39.90%,20.20%,39.90%,11.00%,346,593,939
441,Michael Bernal,SFG,A,24-24,257,0.356,0.91,22.20%,37.00%,40.70%,21.20%,3.00%,47.30%,25.10%,27.50%,12.00%,331,617,948
442,Jake Ring,BAL,A,22-22,513,0.357,1.22,17.20%,45.50%,37.20%,13.20%,11.60%,48.30%,26.70%,24.90%,14.50%,720,1232,1952
443,Bret Boswell,COL,A,23-23,413,0.351,1.09,19.00%,42.20%,38.80%,17.30%,16.30%,43.10%,29.70%,27.20%,14.20%,499,1005,1504
444,Preston Scott,TEX,A,23-24,354,0.306,1.29,23.60%,43.00%,33.30%,30.40%,11.40%,45.80%,23.10%,31.10%,12.40%,465,813,1278
445,Craig Dedelow,CHW,A,22-23,561,0.298,0.82,20.30%,35.90%,43.80%,22.60%,7.70%,47.30%,23.30%,29.40%,16.00%,646,1373,2019
446,Aaron Bond,SFG,A,21-22,257,0.286,1.15,17.60%,44.00%,38.40%,33.30%,14.60%,50.80%,23.00%,26.20%,16.30%,384,642,1026
447,Collin Woody,BAL,A,22-22,482,0.303,1.05,15.40%,43.40%,41.30%,21.20%,6.80%,50.00%,25.20%,24.80%,14.40%,584,1197,1781
448,Jhailyn Ortiz,PHI,A,19-19,454,0.313,0.82,20.00%,36.10%,43.90%,29.50%,11.60%,48.90%,22.90%,28.20%,19.80%,606,1087,1693
449,JC Encarnacion,BAL,A,20-21,968,0.346,0.97,19.80%,39.40%,40.70%,28.70%,8.40%,47.00%,23.70%,29.30%,18.90%,1063,2405,3468
450,J.C. Millan,MIA,A,21-22,207,0.282,2.26,21.80%,54.20%,23.90%,20.60%,8.80%,47.90%,22.60%,29.50%,9.90%,280,560,840
451,Jefrey Ramos,ATL,A,19-19,503,0.27,1.09,16.70%,43.40%,39.90%,27.70%,10.80%,46.80%,23.10%,30.10%,11.20%,563,1087,1650
452,Fabricio Macias,PIT,A,20-21,663,0.325,1.59,20.40%,48.90%,30.70%,22.50%,6.50%,41.30%,24.20%,34.50%,9.50%,889,1619,2508
453,Yasel Antuna,WSN,A,18-18,362,0.269,1.22,15.40%,46.50%,38.20%,18.50%,6.50%,46.00%,25.00%,29.00%,10.60%,490,836,1326
454,Yanio Perez,TEX,A,21-21,204,0.353,1.19,29.10%,38.50%,32.40%,18.80%,18.80%,38.30%,30.20%,31.50%,8.90%,253,447,700