#,Name,Team,Level,Age,G,AB,PA,H,1B,2B,3B,HR,R,RBI,BB,IBB,SO,HBP,SF,SH,GDP,SB,CS,AVG
1,Marten Gasparini,KCR,A,20-21,225,749,829,168,115,35,5,13,86,84,50,0,240,3,6,20,6,36,20,0.224
2,Lolo Sanchez,PIT,A,19-20,175,604,704,160,117,28,7,8,100,60,58,1,100,17,7,18,7,50,23,0.265
3,Corey Bird,MIA,A,21-21,81,279,331,82,63,13,5,1,41,30,28,0,59,3,4,17,5,23,9,0.294
4,Ricky Aracena,KCR,A,19-21,128,424,471,97,82,12,0,3,52,47,22,0,99,4,5,16,2,20,11,0.229
5,Yonny Hernández,TEX,A,20-20,115,361,443,94,77,12,3,2,56,40,58,0,65,7,2,15,12,44,15,0.26
6,Max George,COL,A,21-23,142,493,588,124,78,30,3,13,74,54,60,0,104,17,3,15,1,38,11,0.252
7,Jeison Guzmán,KCR,A,19-20,181,659,726,164,113,34,8,9,78,69,43,0,156,7,2,15,12,27,17,0.249
8,Justin Connell,WSN,A,20-20,120,433,510,108,84,20,1,3,59,38,49,0,75,10,4,14,7,13,10,0.249
9,Kervin Suarez,BOS,A,19-20,179,691,753,151,99,36,7,9,96,64,39,1,258,6,3,14,4,29,15,0.219
10,Zach Remillard,CHW,A,23-23,133,484,529,119,83,27,2,7,54,50,19,0,124,7,6,13,2,4,3,0.246
11,Diego A. Castillo,NYY,A,19-19,118,463,510,122,103,15,3,1,66,42,31,0,51,1,2,13,12,9,5,0.263
12,Ryan Vilade,COL,A,19-19,124,457,533,125,96,20,4,5,77,44,49,1,96,9,4,13,8,17,13,0.274
13,Aaron Knapp,MIA,A,22-23,140,493,598,113,89,11,7,6,69,45,78,0,158,6,8,13,2,38,16,0.229
14,Armond Upshaw,WSN,A,22-23,175,572,658,130,104,17,5,4,70,53,64,0,195,6,4,12,7,42,14,0.227
15,Philip Caulfield,WSN,A,23-24,59,189,219,43,29,8,2,4,19,30,13,1,43,4,2,11,2,2,2,0.228
16,Cade Harris,COL,A,22-22,79,223,281,49,35,7,0,7,43,19,41,0,93,3,2,11,2,8,5,0.22
17,Jose Antequera,PHI,A,21-22,87,249,295,59,47,10,0,2,27,29,23,0,52,6,6,11,3,2,6,0.237
18,Eduardo Navas,NYY,A,21-23,167,521,584,95,75,15,0,5,51,42,34,1,162,15,3,11,17,0,0,0.182
19,Frederick Cuevas,NYY,A,20-21,127,435,483,97,66,26,3,2,42,38,31,0,117,3,3,11,7,6,2,0.223
20,Derian Cruz,ATL,A,18-20,166,597,647,124,90,24,6,4,66,49,25,0,174,11,3,11,8,11,12,0.208
21,Johan Cruz,CHW,A,22-23,136,463,533,116,86,20,3,7,62,62,50,0,100,4,6,10,7,3,2,0.251
22,Rubendy Jaquez,KCR,A,20-20,114,403,466,98,69,20,3,6,65,44,44,2,102,4,5,10,8,30,5,0.243
23,Everlouis Lozada,BOS,A,19-20,162,597,665,140,103,28,2,7,69,55,48,0,161,7,3,10,12,5,7,0.235
24,Luis Pintor,MIA,A,22-22,119,386,453,91,71,14,2,4,60,43,43,0,64,10,4,10,10,9,5,0.236
25,Oswaldo Cabrera,NYY,A,18-19,215,803,879,188,142,35,1,10,85,85,54,0,112,4,9,9,22,10,9,0.234
26,Rodolfo Castro,PIT,A,19-20,166,600,672,141,77,32,6,26,80,96,44,1,168,6,13,9,10,12,8,0.235
27,Jhonny Santos,MIA,A,20-21,110,369,427,91,61,20,3,7,43,45,39,1,85,4,5,9,7,21,8,0.247
28,Hansel Moreno,NYM,A,21-22,121,435,489,111,74,20,4,13,65,47,37,0,127,4,4,9,3,28,15,0.255
29,Daniel Brito,PHI,A,19-20,204,776,859,190,149,28,3,10,87,63,60,0,159,7,7,9,15,27,15,0.245
30,Matt Whatley,TEX,A,22-23,124,399,486,93,69,17,2,5,59,50,64,1,91,8,6,9,5,29,7,0.233
31,Ismael Munguia,SFG,A,19-20,137,521,574,141,108,23,8,2,76,56,30,0,63,11,3,9,13,15,5,0.271
32,Mitch Roman,CHW,A,22-22,132,516,564,131,112,14,2,3,53,45,31,1,120,7,1,9,21,8,5,0.254
33,Brhet Bewley,KCR,A,22-22,60,202,244,51,43,6,1,1,25,17,31,0,55,2,1,8,7,1,4,0.252
34,Garrett Brown,PIT,A,24-24,58,193,212,53,45,5,2,1,27,20,9,0,38,2,0,8,3,15,4,0.275
35,Carlos Herrera,COL,A,20-20,69,256,282,57,43,7,3,4,27,23,14,0,46,3,1,8,4,17,6,0.223
36,Raul Rivas,PHI,A,20-20,70,262,291,74,67,6,1,0,32,25,14,0,54,3,4,8,5,10,5,0.282
37,Michael Gigliotti,KCR,A,21-23,87,339,403,103,73,25,2,3,59,33,41,0,74,11,4,8,4,37,12,0.304
38,Cole Freeman,WSN,A,23-23,122,447,522,119,81,32,3,3,78,43,47,1,59,16,4,8,8,26,8,0.266
39,Cristian Perez,KCR,A,19-19,87,320,345,89,72,14,0,3,48,37,11,0,43,3,3,8,7,10,7,0.278
40,Daniel Montano,COL,A,20-20,122,454,504,99,59,30,3,7,59,41,35,1,119,2,5,8,4,17,7,0.218
41,Kole Enright,TEX,A,20-21,139,471,532,113,75,23,1,14,58,61,41,0,142,8,4,8,10,5,3,0.24
42,Blake Perkins,WSN,A,20-20,129,482,572,123,84,27,4,8,105,48,72,1,118,5,6,7,9,31,8,0.255
43,Luke Williams,PHI,A,20-20,115,402,442,87,70,16,0,1,41,27,28,0,83,2,3,7,5,29,2,0.216
44,Cody Wilson,WSN,A,22-22,77,297,348,64,46,9,4,5,49,23,37,1,96,5,2,7,2,22,5,0.215
45,Laz Rivera,CHW,A,23-23,63,237,265,82,59,15,2,6,42,24,6,0,48,14,1,7,9,7,3,0.346
46,Chris Sharpe,PIT,A,22-22,85,278,333,73,56,11,2,4,50,28,39,0,98,6,3,7,4,11,4,0.263
47,Chandler Avant,NYM,A,23-23,78,264,294,54,39,11,1,3,23,26,18,0,43,5,0,7,5,5,4,0.205
48,Carlos Duran,PHI,A,22-22,57,196,220,45,31,9,4,1,23,17,16,0,47,1,0,7,2,4,7,0.23
49,Adrian Valerio,PIT,A,20-20,81,326,352,89,58,18,2,11,55,34,11,0,63,4,4,7,4,8,7,0.273
50,Manuel Melendez,COL,A,20-20,115,488,516,130,94,21,4,11,78,59,10,0,84,8,2,7,3,32,11,0.266
51,Kevin Josephina,ATL,A,20-21,127,458,501,111,89,15,6,1,44,35,27,1,102,3,6,7,5,21,11,0.242
52,Jarett Rindfleisch,MIA,A,21-21,89,288,355,70,50,13,1,6,39,45,32,0,83,23,5,7,5,2,1,0.243
53,Angelo La Bruna,WSN,A,25-25,77,248,272,54,42,10,2,0,25,18,14,0,54,0,3,7,4,2,2,0.218
54,Malvin Matos,PHI,A,21-22,119,399,465,99,69,18,2,10,58,40,48,0,109,10,1,7,5,18,8,0.248
55,Miguel Aparicio,TEX,A,18-20,218,785,854,180,113,32,15,20,98,86,44,0,170,13,5,7,14,17,12,0.229
56,Marcus Mooney,ATL,A,23-23,111,416,474,99,85,13,1,0,53,32,21,1,54,25,5,7,7,10,6,0.238
57,Andrés Giménez,NYM,A,18-18,92,347,399,92,75,9,4,4,50,31,28,0,61,16,2,6,5,14,8,0.265
58,Dalton Guthrie,PHI,A,22-22,91,307,347,74,53,16,0,5,42,30,21,1,56,6,7,6,10,3,6,0.241
59,Connor Kaiser,PIT,A,21-22,95,343,412,75,52,14,1,8,51,44,55,1,92,5,3,6,8,4,3,0.219
60,Terrin Vavra,COL,A,22-22,102,374,453,119,76,32,1,10,79,52,62,1,62,2,9,6,5,18,9,0.318
61,Logan Baldwin,SFG,A,22-22,121,429,474,107,69,22,10,6,60,44,28,0,149,10,1,6,4,26,10,0.249
62,Tre Vickers,WSN,A,23-23,83,274,307,56,42,10,1,3,18,27,19,0,54,7,1,6,5,1,2,0.204
63,Angelo Castellano,KCR,A,22-22,116,433,496,106,82,14,2,8,63,43,51,0,81,3,3,6,8,19,10,0.245
64,Taylor Snyder,COL,A,22-23,182,633,698,155,89,43,4,19,72,76,40,1,193,11,8,6,5,25,15,0.245
65,Walter Rasquin,NYM,A,22-23,85,284,315,53,38,7,4,4,34,24,18,0,67,7,0,6,8,11,2,0.187
66,Garvis Lara,MIA,A,21-22,102,318,353,70,42,20,2,6,44,34,24,1,93,4,1,6,0,18,8,0.22
67,Jose Gomez,COL,A,20-20,81,318,351,103,77,20,2,4,54,33,18,0,57,8,1,6,3,18,11,0.324
68,Rudy Martin,KCR,A,21-23,63,208,238,52,34,11,2,5,33,31,21,0,72,2,1,6,1,30,8,0.25
69,Lorenzo Cedrola,BOS,A,19-20,142,565,608,168,123,35,6,4,87,56,16,1,77,16,5,6,3,29,15,0.297
70,Grant Massey,CHW,A,24-24,100,330,357,81,63,16,2,0,34,36,12,0,71,5,4,6,4,5,4,0.245
71,Matt McLaughlin,COL,A,22-22,98,350,399,92,63,23,2,4,35,48,31,0,65,10,2,6,4,8,13,0.263
72,Shael Mendoza,COL,A,21-22,70,267,284,64,53,7,2,2,31,13,9,0,70,1,1,6,3,13,9,0.24
73,Eduardo Torrealba,NYY,A,20-20,97,324,370,78,63,14,0,1,47,27,28,0,75,9,3,6,12,3,4,0.241
74,Joel Booker,CHW,A,23-23,71,286,321,86,70,11,2,3,53,29,17,0,66,10,2,6,1,14,5,0.301
75,Meibrys Viloria,KCR,A,20-20,101,363,398,94,61,25,0,8,42,52,25,0,79,4,1,5,17,4,3,0.259
76,Símon Muzziotti,PHI,A,19-19,68,278,299,73,58,12,2,1,33,20,14,1,40,1,1,5,5,18,4,0.263
77,Ryan McKenna,BAL,A,20-20,126,468,530,120,78,33,2,7,62,42,43,0,128,11,3,5,5,20,2,0.256
78,Santiago Espinal,BOS,A,22-22,123,492,544,138,112,18,4,4,64,46,39,0,66,3,5,5,11,20,6,0.28
79,Nick Maton,PHI,A,21-21,114,406,466,104,65,26,5,8,52,51,43,2,103,5,7,5,2,5,3,0.256
80,Cole Brannen,BOS,A,19-20,146,569,639,110,91,14,4,1,65,40,57,0,171,4,4,5,6,33,9,0.193
81,Tyler Dearden,BOS,A,20-20,60,208,232,42,29,7,2,4,18,21,16,0,80,3,0,5,2,0,0,0.202
82,Niko Decolati,COL,A,21-21,77,291,331,77,54,13,4,6,42,38,13,0,80,19,3,5,6,15,6,0.265
83,Ian Dawkins,CHW,A,22-23,168,665,734,196,146,44,1,5,91,44,49,3,118,15,0,5,8,29,11,0.295
84,Jonathan Ortega,BOS,A,22-22,56,192,214,33,24,6,1,2,12,17,16,0,57,0,1,5,5,3,2,0.172
85,Frainyer Chavez,TEX,A,20-20,115,365,415,93,75,15,2,1,54,36,41,0,76,2,2,5,7,17,8,0.255
86,Jax Biggers,TEX,A,22-22,76,255,300,72,60,8,2,2,42,24,34,0,39,3,3,5,4,12,6,0.282
87,Carlos Munoz,PIT,A,23-23,100,349,422,96,67,23,1,5,46,49,54,0,41,11,3,5,10,0,2,0.275
88,Aldrem Corredor,WSN,A,21-22,176,636,714,171,119,37,6,9,74,85,64,0,142,6,3,5,15,4,1,0.269
89,Isaias Lucena,BOS,A,22-23,102,357,398,86,66,13,0,7,27,35,31,0,95,3,2,5,11,3,2,0.241
90,Brandon Dulin,CHW,A,24-24,71,257,295,63,43,8,0,12,39,42,25,1,64,8,0,5,4,0,1,0.245
91,Carlos Tovar,BOS,A,21-21,79,279,301,60,44,10,4,2,30,12,14,1,69,3,0,5,4,3,11,0.215
92,Leonardo Molina,NYY,A,19-20,142,504,542,121,87,24,8,2,53,46,25,0,128,3,5,5,14,6,9,0.24
93,Randy Ventura,ATL,A,19-19,95,381,413,112,103,7,1,1,46,16,24,0,83,2,1,5,3,29,12,0.294
94,Cole Billingsley,BAL,A,23-23,120,461,523,130,100,24,3,3,66,31,44,1,97,6,5,5,3,27,12,0.282
95,Nick Banks,WSN,A,22-23,178,640,698,163,113,33,4,13,77,85,44,2,135,4,5,5,11,24,11,0.255
96,Arquímedes Gamboa,PHI,A,19-19,79,307,350,80,59,12,3,6,44,29,33,0,52,0,5,5,4,8,0,0.261
97,Orlando Garcia,SFG,A,22-23,151,516,609,118,88,19,2,9,68,44,66,1,170,15,7,5,5,9,6,0.229
98,Jeffry Parra,SFG,A,20-21,122,389,454,69,39,18,0,12,35,42,46,0,134,12,2,5,13,1,0,0.177
99,Walker Olis,MIA,A,23-23,66,220,246,42,28,9,1,4,26,15,19,0,62,1,1,5,3,4,2,0.191
100,Bret Boswell,COL,A,23-23,97,379,413,109,68,20,4,17,69,50,21,1,103,5,3,5,5,7,5,0.288
101,Sandro Fabian,SFG,A,19-19,122,480,504,133,92,30,0,11,51,61,10,0,88,5,4,4,12,5,4,0.277
102,Cristian Pache,ATL,A,18-18,119,469,514,132,111,13,8,0,60,42,39,1,104,0,2,4,6,32,14,0.281
103,Luis García Jr.,WSN,A,18-18,78,296,323,88,67,14,4,3,48,31,19,0,49,0,4,4,6,8,5,0.297
104,José Devers,MIA,A,18-18,85,337,362,92,76,12,4,0,46,24,15,0,49,5,1,4,4,13,6,0.273
105,Coco Montes,COL,A,22-22,132,500,549,129,84,29,3,13,56,89,29,0,122,8,8,4,8,6,11,0.258
106,Romy Gonzalez,CHW,A,22-22,101,352,405,86,56,22,4,4,35,45,38,0,108,8,3,4,13,11,3,0.244
107,Sebastián Rivero,KCR,A,19-19,77,279,306,72,49,16,0,7,41,34,17,0,59,2,4,4,6,0,1,0.258
108,Micah Brown,MIA,A,21-22,88,299,334,65,45,12,2,6,34,31,22,0,102,7,2,4,5,11,3,0.217
109,Austin Bernard,COL,A,22-22,58,184,215,34,21,7,1,5,28,13,21,0,58,5,0,4,4,1,2,0.185
110,Brian Sharp,NYM,A,22-22,119,410,457,82,54,12,5,11,48,38,41,2,168,0,2,4,5,8,2,0.2
111,Cole Daily,WSN,A,22-22,71,243,278,61,52,9,0,0,24,16,26,0,47,2,2,4,3,8,9,0.251
112,Grant Williams,BOS,A,23-23,104,347,393,92,70,15,6,1,36,42,31,0,43,6,5,4,9,4,8,0.265
113,Jackson Lueck,KCR,A,22-22,95,309,362,53,38,10,2,3,27,23,44,1,132,4,1,4,5,3,3,0.172
114,Grant Lavigne,COL,A,19-19,126,440,526,104,78,19,0,7,52,64,68,1,129,9,5,4,10,8,9,0.236
115,Willie MacIver,COL,A,22-22,117,425,480,107,64,27,3,13,60,60,34,1,105,11,6,4,9,12,4,0.252
116,Kyle Datres,COL,A,23-23,96,315,379,90,44,27,4,15,70,46,47,1,81,12,1,4,3,21,7,0.286
117,Cristian Paulino,SFG,A,25-25,62,229,258,62,48,9,1,4,31,19,23,0,49,2,0,4,5,30,7,0.271
118,Jean Angomas,SFG,A,22-23,92,335,372,95,77,13,4,1,40,35,28,0,34,1,4,4,4,10,11,0.284
119,Willie Abreu,COL,A,22-22,119,477,512,135,83,32,6,14,73,78,26,0,93,2,3,4,11,40,9,0.283
120,Welfrin Mateo,NYY,A,22-23,117,389,439,96,64,26,0,6,53,37,36,0,89,4,6,4,5,10,2,0.247
121,Mikey Edie,SFG,A,21-21,86,271,302,66,51,10,3,2,38,21,15,0,63,12,0,4,7,6,4,0.244
122,Arden Pabst,PIT,A,22-22,67,231,258,56,40,12,0,4,24,23,18,0,50,2,3,4,5,0,1,0.242
123,Izzy Wilson,ATL,A,19-20,111,391,448,95,69,13,5,8,66,45,46,0,129,4,3,4,4,20,7,0.243
124,Kyle Watson,PIT,A,22-22,96,293,341,55,37,12,2,4,45,33,39,0,120,2,3,4,4,10,1,0.188
125,Tyler Frost,CHW,A,22-22,124,407,464,98,55,21,4,18,61,65,46,0,129,5,2,4,3,7,4,0.241
126,Jonathan Guzmán,PHI,A,19-19,123,475,514,119,96,18,2,3,55,40,32,0,97,1,2,4,2,31,11,0.251
127,Juan Pascal,WSN,A,20-21,60,185,211,34,29,4,1,0,15,13,17,0,46,4,1,4,2,7,2,0.184
128,Thomas Jones,MIA,A,20-20,103,396,440,88,60,17,2,9,55,33,25,0,140,7,5,4,4,20,8,0.222
129,Luis Curbelo,CHW,A,20-21,147,554,599,115,74,30,3,8,52,61,31,0,192,5,5,4,7,0,2,0.208
130,Jake Ring,BAL,A,22-22,118,464,513,126,72,36,4,14,69,65,37,0,140,4,4,4,7,17,6,0.272
131,Leody Taveras,TEX,A,18-18,134,522,577,130,95,20,7,8,73,50,47,0,92,2,3,3,10,20,6,0.249
132,Anderson Tejeda,TEX,A,19-19,115,401,446,99,58,24,9,8,68,53,36,0,132,2,4,3,5,10,7,0.247
133,Khalil Lee,KCR,A,19-19,121,451,532,107,60,24,6,17,71,61,65,0,171,10,3,3,4,20,18,0.237
134,Luis González,CHW,A,21-22,118,463,532,126,81,29,6,10,61,38,59,0,107,4,3,3,6,9,5,0.272
135,Ronny Mauricio,NYM,A,18-18,116,470,504,126,97,20,5,4,62,37,23,2,99,5,3,3,3,6,10,0.268
136,Ji Hwan Bae,PIT,A,19-19,86,328,380,106,76,25,5,0,69,38,43,0,77,3,3,3,3,31,11,0.323
137,Danny Edgeworth,COL,A,23-23,71,235,274,64,47,9,0,8,36,32,31,1,72,5,0,3,3,6,3,0.272
138,Frankie Rios,BOS,A,23-23,79,270,310,61,42,16,2,1,37,15,28,0,93,9,0,3,4,6,5,0.226
139,Jake Scheiner,PHI,A,22-22,122,453,517,134,86,30,5,13,65,67,49,2,81,8,4,3,11,10,6,0.296
140,Ryan Peurifoy,PIT,A,23-23,78,239,275,47,25,16,3,3,31,24,29,1,66,4,0,3,2,4,4,0.197
141,Charlie McConnell,SEA,A,23-23,113,395,434,79,55,18,3,3,43,38,31,0,127,2,3,3,5,11,0,0.2
142,Will Golsan,COL,A,23-23,103,390,447,101,75,19,1,6,62,39,43,0,87,7,4,3,6,12,17,0.259
143,Andrew Moritz,ATL,A,22-22,52,199,217,46,40,5,1,0,20,13,9,0,33,3,3,3,5,10,2,0.231
144,Luis García,PHI,A,18-18,127,467,524,87,66,14,3,4,36,36,44,1,132,5,5,3,7,9,8,0.186
145,Kyle Marinconz,WSN,A,23-23,106,372,429,92,65,20,2,5,58,39,45,0,76,6,3,3,9,13,6,0.247
146,Kyle Mottice,PIT,A,23-23,53,171,222,54,46,8,0,0,39,19,26,0,25,22,0,3,1,18,7,0.316
147,J.J. Franco,NYM,A,25-25,48,173,204,49,42,7,0,0,19,16,28,0,33,0,0,3,4,3,2,0.283
148,Ty Moore,PIT,A,23-23,61,229,266,61,44,15,0,2,26,32,26,1,48,5,3,3,8,4,2,0.266
149,Joel Diaz,COL,A,21-21,72,257,284,66,45,21,0,0,31,34,21,0,45,1,2,3,2,4,1,0.257
150,Jesus Alastre,PHI,A,20-21,60,189,207,54,42,10,1,1,23,19,9,0,41,6,0,3,3,6,3,0.286
151,Manuel Geraldo,SFG,A,20-21,154,601,645,162,131,17,2,12,84,62,33,0,155,5,3,3,15,29,9,0.27
152,Ramon Beltre,CHW,A,21-22,153,545,569,116,77,28,6,5,57,46,15,0,156,4,2,3,11,8,3,0.213
153,Samuel Miranda,BOS,A,20-21,67,221,239,48,35,10,0,3,22,24,9,0,50,6,0,3,2,0,1,0.217
154,Telmito Agustin,WSN,A,20-20,80,296,315,82,51,18,4,9,45,37,13,1,74,1,2,3,2,9,4,0.277
155,Manny Olloque,KCR,A,21-22,154,542,593,134,87,30,4,13,73,73,37,0,159,6,5,3,5,9,3,0.247
156,Arnaldo Berrios,NYM,A,21-21,57,202,221,39,27,8,3,1,15,14,14,0,72,1,1,3,2,4,3,0.193
157,Nico Giarratano,SFG,A,24-24,65,194,221,35,27,8,0,0,19,14,20,0,72,3,1,3,1,0,2,0.18
158,Marcos Rivera,MIA,A,21-21,110,392,426,91,64,14,1,12,41,43,25,0,142,1,5,3,8,4,2,0.232
159,Edgardo Fermin,NYM,A,20-20,109,429,471,90,56,19,7,8,56,39,28,0,108,4,7,3,7,9,8,0.21
160,Andres Angulo,SFG,A,21-21,73,252,272,53,39,10,1,3,22,20,14,0,67,3,0,3,8,1,1,0.21
161,Dan Rizzie,NYM,A,23-24,58,206,226,55,47,8,0,0,11,17,16,0,41,1,0,3,8,0,0,0.267
162,Giovanny Alfonzo,NYM,A,25-25,75,251,277,54,39,12,1,2,26,26,19,0,47,2,2,3,3,1,5,0.215
163,Bobby Wernes,COL,A,22-22,66,252,293,73,43,25,0,5,42,34,30,0,43,6,2,3,4,3,2,0.29
164,Jose Layer,SFG,A,22-22,92,319,340,68,56,7,1,4,27,30,15,0,84,3,0,3,7,6,3,0.213
165,Brandon Van Horn,SFG,A,23-23,81,282,305,74,60,11,0,3,28,27,15,0,68,1,4,3,6,11,7,0.262
166,Kevin Mahala,PIT,A,22-22,98,317,363,73,57,11,1,4,37,27,35,1,94,4,4,3,7,3,2,0.23
167,Malique Ziegler,SFG,A,21-21,50,183,214,43,28,9,2,4,21,16,20,0,60,6,2,3,0,7,5,0.235
168,Craig Dedelow,CHW,A,22-23,134,521,561,125,73,33,6,13,62,70,32,3,132,5,0,3,5,2,3,0.24
169,Collin Woody,BAL,A,22-22,115,420,482,95,59,23,5,8,47,47,20,0,129,35,4,3,9,2,0,0.226
170,Ali Sánchez,NYM,A,20-21,106,375,405,92,72,14,1,5,46,37,23,0,49,2,3,2,10,3,4,0.245
171,Seby Zavala,CHW,A,23-23,52,185,207,48,27,8,0,13,32,34,13,1,52,6,1,2,5,0,0,0.259
172,Jake Noll,WSN,A,23-23,108,400,438,108,71,19,2,16,51,67,20,0,64,8,8,2,9,12,4,0.27
173,Mickey Moniak,PHI,A,19-19,123,466,509,110,77,22,6,5,53,44,28,1,110,6,7,2,7,11,7,0.236
174,Brandon Lockridge,NYY,A,22-22,121,498,556,125,75,33,5,12,69,56,45,1,140,7,4,2,2,22,8,0.251
175,Matt Vierling,PHI,A,21-21,50,184,204,54,33,15,0,6,24,25,10,0,38,5,3,2,6,5,5,0.293
176,Lenyn Sosa,CHW,A,19-19,122,501,536,126,82,35,2,7,72,51,27,0,102,3,3,2,10,6,6,0.251
177,Ben Bengtson,PIT,A,22-22,75,246,269,54,36,13,1,4,31,27,14,0,71,3,4,2,6,4,1,0.22
178,Nolan Brown,CHW,A,24-24,56,179,206,51,39,11,1,0,34,19,19,1,42,3,3,2,1,8,2,0.285
179,Carlos Paraguate,ATL,A,18-18,73,241,262,40,29,11,0,0,17,18,13,0,91,2,4,2,9,4,3,0.166
180,Luke Mangieri,PIT,A,21-22,58,203,234,44,32,6,1,5,23,29,24,0,35,3,2,2,3,2,6,0.217
181,Josh Stowers,NYY,A,22-22,105,385,460,105,72,24,2,7,61,40,64,0,123,8,1,2,4,35,16,0.273
182,Kyle Gray,NYY,A,22-22,82,296,340,70,44,15,6,5,47,38,37,0,99,3,2,2,3,9,5,0.236
183,Brandon Howlett,BOS,A,19-19,113,390,465,90,58,23,1,8,48,35,56,0,144,12,5,2,4,1,5,0.231
184,Michael Gretler,PIT,A,23-23,79,276,316,59,39,17,1,2,30,34,32,1,81,3,3,2,9,3,0,0.214
185,Hunter Stovall,COL,A,22-22,89,285,330,69,49,15,4,1,33,25,34,0,44,5,4,2,11,8,7,0.242
186,Nick Horvath,BAL,A,22-22,113,375,443,75,49,17,2,7,53,40,53,0,113,10,3,2,3,17,8,0.2
187,Gerson Molina,NYM,A,23-23,93,290,326,67,42,19,2,4,44,24,28,0,106,6,0,2,3,6,5,0.231
188,Jackson Cluff,WSN,A,22-22,62,240,280,55,37,8,5,5,33,19,26,0,63,8,4,2,1,11,5,0.229
189,Daniel Fajardo,BAL,A,22-24,109,397,411,98,79,17,0,2,38,42,11,0,57,1,0,2,12,2,1,0.247
190,Jameson Fisher,CHW,A,23-23,60,223,265,60,38,14,5,3,35,36,31,0,59,5,4,2,1,2,2,0.269
191,Vance Vizcaino,KCR,A,22-23,58,201,232,57,44,11,1,1,29,20,25,0,46,1,2,2,2,12,11,0.284
192,Alejandro Flores,WSN,A,22-22,66,213,245,46,24,13,3,6,22,29,24,0,44,5,1,2,5,3,1,0.216
193,Victor Acosta,BOS,A,22-22,75,288,312,82,51,20,3,8,34,37,13,0,36,5,4,2,7,4,2,0.285
194,Jacob Heyward,SFG,A,21-21,107,359,412,80,54,16,0,10,40,45,42,0,110,8,1,2,10,5,7,0.223
195,Robbie Perkins,COL,A,23-24,56,190,202,40,26,7,1,6,16,18,8,0,53,2,0,2,5,2,2,0.211
196,Mitchell Gunsolus,BOS,A,24-24,112,346,431,71,48,20,1,2,40,26,69,2,140,9,5,2,7,9,1,0.205
197,Kelvin Beltre,SFG,A,20-20,118,423,477,107,75,24,2,6,65,37,47,0,96,2,3,2,8,15,6,0.253
198,Ramon Marcelino,COL,A,21-21,113,429,448,95,53,16,4,22,46,68,12,0,116,4,1,2,5,4,3,0.221
199,Carlos Vidal,NYY,A,21-22,148,523,586,144,103,29,8,4,67,54,52,0,98,5,4,2,13,10,9,0.275
200,Milton Ramos,BAL,A,21-21,105,361,386,84,66,14,2,2,35,35,18,1,85,3,2,2,17,15,3,0.233
201,Alejandro Juvier,BAL,A,21-21,111,394,428,95,75,15,1,4,45,34,24,0,114,5,3,2,7,6,0,0.241
202,Tyler Hill,BOS,A,21-21,119,459,513,125,93,19,4,9,65,57,37,1,74,13,2,2,10,42,8,0.272
203,Kirvin Moesquit,BAL,A,23-23,112,411,465,103,79,18,2,4,74,31,46,0,93,4,2,2,7,49,13,0.251
204,Micker Adolfo,CHW,A,20-20,112,424,473,112,66,28,2,16,60,68,31,0,149,13,3,2,3,2,0,0.264
205,Anthony Concepcion,ATL,A,22-22,98,289,338,66,51,6,4,5,37,35,33,0,78,9,5,2,4,10,2,0.228
206,Pablo Olivares,NYY,A,19-20,92,320,360,87,68,14,0,5,40,32,25,0,75,10,3,2,2,14,5,0.272
207,Wilkerman Garcia,NYY,A,20-21,140,560,606,126,89,26,2,9,70,47,37,3,125,4,3,2,8,19,8,0.225
208,Michael Hernandez,MIA,A,23-23,62,210,231,37,23,10,0,4,21,23,15,0,88,2,2,2,4,0,1,0.176
209,Vince Fernandez,COL,A,21-21,100,375,428,101,61,23,1,16,57,59,44,2,122,5,2,2,2,12,8,0.269
210,Gene Cone,NYM,A,22-22,84,315,370,69,55,11,3,0,41,29,48,1,70,2,3,2,5,6,3,0.219
211,Eric Jenkins,TEX,A,20-21,99,359,391,83,61,11,7,4,49,31,27,1,114,1,2,2,2,26,3,0.231
212,Lucas Herbert,ATL,A,20-20,101,375,414,91,61,21,1,8,40,50,26,0,74,10,1,2,11,3,0,0.243
213,Jagger Rusconi,BOS,A,20-21,80,293,307,60,45,7,3,5,30,15,8,0,92,3,1,2,6,5,4,0.205
214,Ashford Fulmer,SFG,A,24-24,70,250,287,59,42,14,2,1,30,22,28,0,54,6,1,2,9,13,3,0.236
215,Jose Bermudez,ATL,A,20-21,83,276,305,65,53,9,2,1,32,24,21,0,99,5,1,2,4,17,7,0.236
216,Shervyen Newton,NYM,A,20-20,109,382,423,80,54,15,2,9,35,32,37,1,139,2,0,2,8,1,4,0.209
217,Yerwin Trejo,PHI,A,22-22,73,222,241,56,49,5,1,1,27,14,15,0,58,0,2,2,1,25,5,0.252
218,Cole Stobbe,PHI,A,20-21,120,395,443,84,43,22,3,16,55,41,41,0,173,5,0,2,5,10,7,0.213
219,Henri Lartigue,PHI,A,22-22,94,339,365,84,49,23,4,8,38,44,20,1,87,2,2,2,4,2,1,0.248
220,Clark Eagan,PIT,A,22-22,119,436,482,114,80,21,5,8,62,59,28,0,58,10,6,2,10,5,8,0.261
221,Paul Panaccione,WSN,A,23-24,77,224,256,40,30,7,0,3,25,26,24,0,70,3,3,2,4,5,3,0.179
222,Michael Bernal,SFG,A,24-24,70,225,257,60,43,13,2,2,22,28,19,0,61,10,1,2,1,1,2,0.267
223,Fabricio Macias,PIT,A,20-21,162,598,663,160,115,31,5,9,94,98,42,0,132,14,7,2,9,23,12,0.268
224,Hoy Park,NYY,A,21-21,86,324,373,85,68,6,5,6,53,34,39,0,63,9,0,1,3,18,7,0.262
225,Donny Sands,NYY,A,21-21,76,286,314,77,58,17,0,2,31,45,21,0,53,3,3,1,4,0,5,0.269
226,Daniel Johnson,WSN,A,21-21,88,327,364,98,61,16,4,17,61,52,22,0,70,11,3,1,5,12,9,0.3
227,Gavin Sheets,CHW,A,21-21,52,192,218,51,38,10,0,3,16,25,20,1,34,4,1,1,1,0,0,0.266
228,Blake Rutherford,NYY,A,20-20,101,396,440,103,74,25,2,2,52,35,38,0,76,2,3,1,8,10,4,0.26
229,Bobby Dalbec,BOS,A,22-22,78,284,329,70,42,15,0,13,48,39,36,0,123,7,1,1,3,4,5,0.246
230,Carlos Pérez,CHW,A,21-21,78,276,286,80,58,18,1,3,33,32,4,0,31,1,4,1,10,0,1,0.29
231,Freddy Fermin,KCR,A,24-24,54,209,226,55,35,11,0,9,37,30,14,0,37,1,1,1,5,2,0,0.263
232,Grant Koch,PIT,A,22-22,94,337,374,68,45,15,0,8,39,34,32,0,60,2,2,1,10,1,1,0.202
233,Cal Mitchell,PIT,A,19-19,119,443,495,124,82,29,3,10,55,65,41,3,109,5,5,1,9,4,5,0.28
234,Mason McCoy,BAL,A,23-23,124,482,536,128,96,18,10,4,66,47,45,0,95,4,3,1,13,13,2,0.266
235,Heliot Ramos,SFG,A,18-18,124,485,535,119,76,24,8,11,61,52,35,0,136,13,1,1,9,8,7,0.245
236,Oswald Peraza,NYY,A,19-19,46,183,208,50,43,5,0,2,31,13,16,0,28,6,2,1,3,18,5,0.273
237,Israel Pineda,WSN,A,19-19,101,374,411,81,62,12,0,7,48,35,30,0,102,3,3,1,10,1,2,0.217
238,Ryan Dorow,TEX,A,21-22,123,434,489,118,76,29,1,12,54,61,39,4,121,10,5,1,4,5,2,0.272
239,Jonathan Ornelas,TEX,A,19-19,113,413,472,106,73,24,3,6,61,38,42,1,103,9,7,1,5,13,4,0.257
240,Ben Breazeale,BAL,A,23-24,139,471,538,110,86,19,1,4,53,48,62,0,114,4,0,1,17,0,2,0.234
241,Tanner Nishioka,BOS,A,23-23,84,301,343,97,64,20,2,11,51,52,31,0,70,9,1,1,11,4,3,0.322
242,Jordan Wren,BOS,A,23-24,168,617,690,146,101,28,8,9,72,64,59,3,198,9,3,1,10,33,7,0.237
243,Jordan Rodgers,ATL,A,22-22,63,230,249,59,39,17,1,2,21,27,11,0,49,6,1,1,2,3,4,0.257
244,Anyesber Sivira,SFG,A,19-19,76,245,289,56,44,9,1,2,43,19,25,0,55,16,2,1,3,5,3,0.229
245,Nick Hutchins,KCR,A,21-23,76,276,296,70,44,20,0,6,31,28,9,0,73,7,3,1,4,2,2,0.254
246,Nic Perkins,WSN,A,22-23,64,205,246,43,26,16,1,0,17,20,36,0,59,3,1,1,8,2,1,0.21
247,Tyler Esplin,BOS,A,19-19,100,387,436,98,64,26,3,5,52,43,40,0,107,4,4,1,9,6,3,0.253
248,Rob Calabrese,SFG,A,22-22,67,197,227,38,25,6,2,5,24,21,19,0,67,7,3,1,8,3,1,0.193
249,Shane Matheny,SFG,A,22-23,184,656,753,137,100,20,4,13,82,76,78,2,221,9,9,1,9,3,5,0.209
250,Mason Martin,PIT,A,19-20,127,451,528,109,52,27,3,27,74,101,64,1,165,7,5,1,1,9,3,0.242
251,Raphael Gladu,NYM,A,23-23,71,262,283,72,54,13,4,1,31,25,16,1,41,3,1,1,4,12,5,0.275
252,Adam Hall,BAL,A,20-20,122,463,534,138,107,22,4,5,78,45,45,0,117,22,3,1,5,33,9,0.298
253,Ryan Fitzgerald,BOS,A,24-24,80,318,351,87,67,9,3,8,44,38,29,2,70,2,1,1,4,5,3,0.274
254,Bobby Honeyman,SEA,A,23-23,122,460,509,129,102,20,0,7,63,57,36,0,65,7,5,1,9,2,2,0.28
255,Robert Neustrom,BAL,A,22-22,47,179,207,51,32,13,1,5,27,36,22,1,37,2,3,1,5,5,0,0.285
256,Doran Turchin,BAL,A,21-21,88,314,371,65,40,15,4,6,45,46,43,0,106,9,4,1,7,5,3,0.207
257,Ryne Ogren,SEA,A,22-22,105,354,404,86,67,14,2,3,42,35,37,0,86,10,2,1,11,5,1,0.243
258,Jacob Rhinesmith,WSN,A,23-23,133,489,562,129,83,33,3,10,72,67,60,3,85,8,4,1,8,19,6,0.264
259,Gunnar Troutwine,CHW,A,23-23,61,200,233,48,31,15,0,2,26,14,31,0,76,0,1,1,8,1,0,0.24
260,Trey Harris,ATL,A,22-23,78,286,324,98,63,23,4,8,48,55,27,1,45,8,2,1,10,7,4,0.343
261,Ryan Ramiz,SEA,A,23-23,119,453,521,104,71,23,3,7,61,42,65,0,140,1,1,1,6,4,2,0.23
262,Hayden Senger,NYM,A,22-22,90,304,353,70,44,21,1,4,27,36,25,1,64,19,4,1,7,0,0,0.23
263,Frankie Tostado,SFG,A,21-21,128,494,541,128,87,17,6,18,71,85,36,2,113,5,5,1,7,0,0,0.259
264,Jonah Davis,PIT,A,21-21,80,317,359,79,43,15,2,19,49,52,33,0,130,5,3,1,3,5,9,0.249
265,Justin Harrer,PIT,A,22-22,71,229,262,53,32,14,1,6,36,21,25,0,67,7,0,1,6,7,1,0.231
266,Patrick Dorrian,PIT,A,23-23,64,219,255,56,30,17,3,6,39,31,28,0,64,4,3,1,1,8,2,0.256
267,Max Burt,NYY,A,22-22,71,255,279,56,44,4,1,7,32,27,9,0,72,10,4,1,3,5,4,0.22
268,Brendan Venter,ATL,A,21-22,127,426,492,87,51,26,0,10,48,54,32,2,135,25,8,1,10,0,0,0.204
269,Cadyn Grenier,BAL,A,21-22,125,470,547,113,70,30,5,8,72,52,65,0,160,7,4,1,4,8,3,0.24
270,Boo Vazquez,MIA,A,24-24,67,242,277,68,43,16,3,6,31,32,27,1,72,5,2,1,3,0,5,0.281
271,Ricardo Valencia,TEX,A,24-24,71,255,286,66,46,15,0,5,33,37,21,0,78,3,6,1,9,0,0,0.259
272,Jose Vizcaino Jr.,SFG,A,23-24,85,314,343,82,60,17,2,3,34,34,18,0,88,5,5,1,8,10,3,0.261
273,Frandy De La Rosa,SFG,A,21-21,56,199,219,46,30,9,2,5,21,19,15,0,66,1,3,1,1,2,4,0.231
274,Carlos Martínez,ATL,A,22-23,74,233,261,63,58,5,0,0,19,17,21,0,24,5,1,1,7,2,1,0.27
275,Cord Sandberg,PHI,A,22-22,54,199,218,53,33,15,2,3,19,25,11,1,58,3,4,1,3,3,1,0.266
276,Chris Madera,BOS,A,24-24,48,185,210,51,40,6,0,5,34,22,21,0,39,2,1,1,4,12,2,0.276
277,Franklin Rollin,TEX,A,21-22,101,342,365,82,58,13,5,6,48,37,14,0,70,6,2,1,6,24,11,0.24
278,Rigoberto Terrazas,NYM,A,22-22,85,295,327,52,44,7,1,0,21,20,30,0,58,0,1,1,11,0,0,0.176
279,Jean Carrillo,BAL,A,20-21,68,232,257,60,52,4,1,3,18,29,18,0,53,6,0,1,4,0,0,0.259
280,Yeyson Yrizarri,TEX,A,20-20,74,269,283,71,48,17,1,5,22,30,5,0,49,5,3,1,5,5,4,0.264
281,Jose Almonte,TEX,A,20-22,123,421,458,73,45,16,3,9,46,41,23,0,136,10,2,1,10,2,1,0.173
282,Roldani Baldwin,BOS,A,21-21,95,368,394,101,51,35,1,14,45,66,19,0,73,2,4,1,9,1,0,0.274
283,Chase Vallot,KCR,A,22-22,83,279,328,53,25,11,3,14,31,44,32,0,155,14,2,1,1,0,1,0.19
284,Justin Twine,MIA,A,21-21,66,248,276,46,32,6,5,3,29,31,18,0,76,5,4,1,2,3,2,0.185
285,Jose Miguel Medina,NYM,A,20-22,84,285,318,66,51,10,0,5,37,24,26,1,67,3,3,1,6,11,6,0.232
286,Blaine Prescott,TEX,A,21-21,95,370,405,87,63,13,2,9,44,29,22,0,85,8,4,1,4,8,5,0.235
287,Tate Blackman,CHW,A,23-23,129,450,527,110,73,18,2,17,67,65,62,2,153,9,5,1,6,6,5,0.244
288,Preston Palmeiro,BAL,A,22-22,127,491,544,124,81,27,3,13,55,77,43,1,133,6,3,1,9,1,2,0.253
289,Jason Lopez,NYY,A,20-20,72,256,274,73,46,19,0,8,35,30,15,0,57,2,0,1,4,7,3,0.285
290,Pedro Gonzalez,TEX,A,20-21,211,749,830,181,106,30,10,35,116,113,67,0,239,7,6,1,13,23,11,0.242
291,Jay Jabs,NYM,A,22-23,126,434,480,85,47,24,5,9,50,44,40,0,136,4,1,1,6,4,0,0.196
292,Casey Golden,COL,A,23-23,124,461,524,128,68,23,3,34,92,95,38,1,180,22,2,1,0,24,8,0.278
293,Eric Gutierrez,MIA,A,23-24,109,397,454,103,76,18,0,9,53,60,38,1,68,11,7,1,13,6,1,0.259
294,Kort Peterson,KCR,A,23-23,52,193,223,56,41,12,2,1,24,19,17,2,54,10,2,1,2,5,3,0.29
295,David Martinelli,PHI,A,22-22,98,302,327,63,40,15,2,6,32,26,21,0,92,1,2,1,2,4,1,0.209
296,Gabriel Cancel,KCR,A,20-20,103,401,433,111,65,30,2,14,70,49,23,2,99,6,2,1,5,9,8,0.277
297,Kurt Hoekstra,ATL,A,24-25,146,521,578,133,94,26,8,5,66,50,49,1,117,2,5,1,8,13,4,0.255
298,Branden Becker,BAL,A,21-22,101,369,406,101,79,18,0,4,42,47,27,0,81,5,3,1,8,1,1,0.274
299,Wagner Lagrange,NYM,A,23-23,71,252,273,71,46,18,3,4,28,31,16,0,47,1,3,1,7,0,1,0.282
300,Michael Hickman,CHW,A,21-22,144,501,543,114,74,30,1,9,51,57,31,0,153,9,1,1,5,0,3,0.228
301,Ricardo Rodriguez,ATL,A,21-21,67,240,264,57,45,12,0,0,28,32,15,0,50,5,3,1,8,1,0,0.238
302,Gilbert Lara,WSN,A,21-21,81,319,343,79,56,12,2,9,40,49,22,0,71,1,0,1,8,2,3,0.248
303,Amado Nunez,CHW,A,21-21,86,301,325,62,44,8,2,8,35,33,19,0,105,2,2,1,4,5,1,0.206
304,Samuel Castro,MIA,A,20-20,61,195,216,51,36,12,2,1,24,23,11,0,52,9,0,1,3,6,2,0.262
305,Rodolfo Durán,PHI,A,20-20,88,311,336,81,45,17,1,18,44,46,20,0,75,1,3,1,7,1,1,0.26
306,Justin Yurchak,CHW,A,21-21,95,313,363,80,61,17,1,1,44,36,45,0,53,1,3,1,11,0,2,0.256
307,Colby Fitch,PHI,A,21-22,99,323,390,75,49,16,3,7,51,33,56,1,103,8,2,1,4,0,2,0.232
308,Kameron Esthay,WSN,A,23-23,97,334,369,72,42,16,4,10,38,30,27,0,126,5,2,1,6,3,4,0.216
309,Deon Stafford,PIT,A,22-22,94,344,382,87,52,19,5,11,60,49,28,0,99,5,3,1,10,0,3,0.253
310,Cal Jones,KCR,A,20-20,89,304,336,77,52,14,3,8,49,41,24,1,95,3,4,1,4,5,6,0.253
311,Brett Barbier,PHI,A,23-23,49,175,206,40,27,9,0,4,23,21,17,0,57,11,2,1,4,1,0,0.229
312,Jacob Bosiokovic,COL,A,23-25,129,343,374,85,43,24,3,15,50,54,12,1,146,15,3,1,2,16,8,0.248
313,Nick Hill,SFG,A,23-23,59,189,215,49,39,9,0,1,19,17,16,0,79,8,1,1,0,13,3,0.259
314,J.C. Millan,MIA,A,21-22,52,189,207,43,30,10,0,3,23,12,17,0,44,0,0,1,6,4,2,0.228
315,Tyler Nevin,COL,A,20-20,76,298,335,91,63,18,3,7,45,47,27,0,56,4,6,0,9,10,5,0.305
316,Yohel Pozo,TEX,A,20-21,156,570,615,161,108,37,4,12,64,64,34,0,58,6,5,0,13,0,0,0.282
317,Curtis Terry,TEX,A,22-22,62,232,259,61,22,24,0,15,39,47,14,0,67,10,3,0,4,0,1,0.263
318,Estevan Florial,NYY,A,19-19,91,344,389,102,65,21,5,11,64,43,41,1,124,2,2,0,3,17,7,0.297
319,Sheldon Neuse,WSN,A,22-22,77,292,321,85,54,19,3,9,40,51,25,1,66,2,2,0,3,12,5,0.291
320,Darick Hall,PHI,A,21-21,114,426,477,116,60,28,1,27,64,96,29,0,110,17,5,0,10,0,0,0.272
321,Charles Leblanc,TEX,A,21-21,54,195,217,51,40,7,0,4,27,19,19,0,33,1,2,0,3,3,0,0.262
322,Emmanuel Rivera,KCR,A,21-21,122,464,508,144,100,27,5,12,60,72,31,1,87,10,3,0,17,8,10,0.31
323,Carter Kieboom,WSN,A,19-19,48,179,210,53,33,12,0,8,36,26,28,3,40,3,0,0,4,2,2,0.296
324,Colton Welker,COL,A,19-19,67,254,279,89,64,18,1,6,32,33,18,3,42,5,2,0,6,5,7,0.35
325,Tres Barrera,WSN,A,22-22,67,237,268,66,39,18,1,8,28,27,23,0,58,6,2,0,8,1,0,0.278
326,Hunter Owen,PIT,A,23-23,83,291,343,85,49,21,4,11,49,45,24,1,68,24,4,0,9,3,2,0.292
327,Brian Miller,MIA,A,21-21,57,233,258,75,56,17,1,1,42,28,23,0,35,1,1,0,3,21,6,0.322
328,Brewer Hicklen,KCR,A,22-22,82,306,347,94,56,18,3,17,59,65,24,1,98,13,4,0,5,29,6,0.307
329,William Contreras,ATL,A,20-20,82,307,342,90,61,17,1,11,54,39,29,0,73,4,2,0,8,1,1,0.293
330,Drew Waters,ATL,A,19-19,84,337,365,102,55,32,6,9,58,36,21,0,72,6,1,0,6,20,5,0.303
331,Dérmis Garcia,NYY,A,19-20,118,434,488,103,54,23,3,23,49,70,50,1,153,2,2,0,4,3,2,0.237
332,Sean Bouchard,COL,A,22-22,125,463,515,119,69,34,2,14,77,75,41,0,128,7,4,0,6,22,9,0.257
333,Rafael Marchán,PHI,A,20-20,63,236,265,64,48,16,0,0,21,20,24,1,31,4,1,0,5,1,3,0.271
334,Oneil Cruz,PIT,A,18-19,119,457,506,127,76,27,8,16,75,67,42,2,122,3,4,0,8,11,5,0.278
335,Sherten Apostel,TEX,A,20-20,80,283,319,73,44,13,1,15,38,43,28,0,71,5,3,0,14,2,1,0.258
336,Steele Walker,CHW,A,21-22,51,187,213,48,27,15,3,3,19,28,16,0,44,5,5,0,3,9,3,0.257
337,Nick Pratto,KCR,A,19-19,127,485,537,136,87,33,2,14,79,62,45,1,150,3,4,0,2,22,5,0.28
338,Mark Vientos,NYM,A,19-19,111,416,454,106,66,27,1,12,48,62,22,0,110,8,8,0,14,1,4,0.255
339,MJ Melendez,KCR,A,19-19,111,419,472,105,51,26,9,19,52,73,43,0,143,4,6,0,3,4,6,0.251
340,Sam Huff,TEX,A,20-21,148,523,562,136,73,27,3,33,75,84,29,3,177,8,2,0,5,13,2,0.26
341,Bubba Thompson,TEX,A,20-20,84,332,363,96,65,18,5,8,52,42,23,1,104,6,2,0,1,32,7,0.289
342,Jake Burger,CHW,A,21-21,47,181,200,49,34,9,2,4,21,27,13,0,28,5,1,0,5,0,1,0.271
343,Triston Casas,BOS,A,19-19,118,422,493,107,58,25,5,19,64,78,58,3,116,7,6,0,11,3,2,0.254
344,Jarred Kelenic,SEA,A,19-19,50,191,218,59,31,14,3,11,33,29,25,0,45,2,0,0,2,7,4,0.309
345,Canaan Smith-Njigba,NYY,A,20-20,124,449,528,138,92,32,3,11,67,74,74,3,108,2,3,0,15,16,4,0.307
346,Eric Wagaman,NYY,A,21-21,82,304,332,71,51,13,0,7,22,38,26,0,87,0,2,0,5,4,6,0.234
347,Julio Rodríguez,SEA,A,18-18,67,263,295,77,46,20,1,10,50,50,20,1,66,9,3,0,9,1,3,0.293
348,Mickey Gasper,NYY,A,22-23,85,289,344,67,42,17,0,8,34,42,44,1,63,8,3,0,11,1,0,0.232
349,Nate Eaton,KCR,A,22-22,126,497,557,116,77,32,2,5,64,54,46,2,116,8,6,0,8,18,1,0.233
350,Shea Langeliers,ATL,A,21-21,54,216,239,55,40,13,0,2,27,34,17,0,55,2,4,0,5,0,0,0.255
351,Braden Shewmake,ATL,A,21-21,51,201,226,64,41,18,2,3,37,39,21,0,29,3,1,0,3,11,3,0.318
352,Austin Bush,ATL,A,21-22,73,254,277,58,37,14,0,7,24,30,14,1,88,7,2,0,2,0,0,0.228
353,Chris Hess,NYY,A,22-23,134,464,525,103,65,23,6,9,49,51,34,0,135,22,5,0,13,2,3,0.222
354,Zach Jarrett,BAL,A,23-23,129,501,555,139,93,26,6,14,74,72,41,2,136,10,3,0,13,4,2,0.277
355,Hagen Owenby,ATL,A,22-23,78,283,307,80,67,9,2,2,18,20,19,1,66,3,2,0,8,1,0,0.283
356,Alex Destino,CHW,A,22-23,115,430,488,127,88,20,2,17,64,65,51,4,118,5,2,0,8,0,1,0.295
357,Tyler Ratliff,TEX,A,22-22,93,291,334,63,48,7,0,8,39,26,35,0,87,8,0,0,4,1,1,0.216
358,Tyreque Reed,TEX,A,21-22,161,582,665,159,84,44,0,31,85,101,66,1,162,12,5,0,13,5,2,0.273
359,Chad Spanberger,COL,A,22-22,92,349,380,110,65,20,3,22,65,75,20,4,82,8,3,0,5,16,4,0.315
360,Trevor Craport,BAL,A,21-21,122,437,497,112,71,26,4,11,68,72,37,0,77,13,10,0,10,4,2,0.256
361,Abrahan Gutierrez,PHI,A,19-19,83,289,322,71,58,9,0,4,23,27,28,0,62,2,3,0,14,3,1,0.246
362,Will Robertson,BAL,A,23-24,149,518,566,128,79,37,1,11,68,55,34,1,115,10,4,0,10,0,2,0.247
363,Matt Winaker,NYM,A,22-22,121,425,516,108,65,23,7,13,65,61,62,4,88,21,8,0,3,4,3,0.254
364,Jake Scudder,WSN,A,23-23,86,311,345,76,50,19,0,7,36,55,25,0,66,5,4,0,8,1,2,0.244
365,Jacob Gonzalez,SFG,A,20-21,247,908,1011,212,146,45,3,18,108,102,70,2,187,25,8,0,20,7,5,0.233
366,Justin Jacobs,TEX,A,22-22,80,257,292,59,42,12,0,5,27,25,29,0,80,5,1,0,6,1,2,0.23
367,Quincy Nieporte,PHI,A,23-23,89,306,337,79,54,18,1,6,33,35,21,0,43,6,4,0,8,0,0,0.258
368,Riley Delgado,ATL,A,22-23,82,323,356,104,82,20,0,2,38,50,18,0,32,11,4,0,1,1,0,0.322
369,Zach Sterry,BOS,A,24-24,56,203,230,59,44,8,2,5,25,30,23,1,54,3,1,0,6,0,0,0.291
370,Nick Rodriguez,SEA,A,23-23,79,263,286,49,30,15,0,4,17,29,17,0,73,4,2,0,5,0,1,0.186
371,Devlin Granberg,BOS,A,23-23,99,357,420,102,70,19,5,8,57,45,45,0,79,15,3,0,10,6,4,0.286
372,Jake Anchia,SEA,A,22-22,81,286,319,61,39,10,0,12,39,43,25,0,107,6,2,0,6,0,0,0.213
373,Kole Cottam,BOS,A,21-22,77,266,320,67,39,21,1,6,42,34,44,0,79,9,1,0,5,0,0,0.252
374,John Cresto,COL,A,22-22,67,239,262,67,32,28,0,7,30,50,14,1,74,8,1,0,2,12,1,0.28
375,Carlos De La Cruz,PHI,A,19-19,117,428,461,94,66,17,4,7,38,50,27,0,159,4,2,0,5,7,7,0.22
376,Chase Chambers,NYM,A,23-23,106,382,428,94,72,15,2,5,42,41,26,0,95,13,7,0,7,0,1,0.246
377,Logan Brown,ATL,A,22-22,51,193,208,58,45,11,1,1,25,26,11,0,39,4,0,0,2,0,0,0.301
378,Greg Cullen,ATL,A,22-22,130,471,568,127,89,23,6,9,80,58,71,0,100,25,1,0,8,2,4,0.27
379,Justin Dean,ATL,A,21-22,137,542,629,151,108,20,14,9,105,54,73,0,142,12,2,0,6,56,13,0.279
380,Jack Herman,PIT,A,19-19,75,265,300,68,41,12,2,13,47,34,28,0,88,6,1,0,4,6,6,0.257
381,Zach Rheams,NYM,A,21-22,63,215,241,48,28,11,0,9,22,31,19,0,74,6,1,0,3,0,0,0.223
382,Josh Breaux,NYY,A,21-21,51,199,216,54,31,10,0,13,28,49,15,0,59,1,1,0,3,0,0,0.271
383,Eric Cole,KCR,A,22-22,127,466,543,112,74,21,6,11,55,71,62,0,90,3,5,0,4,7,2,0.24
384,Bryce Bush,CHW,A,19-19,67,254,288,51,29,12,5,5,29,33,27,0,92,4,3,0,6,4,1,0.201
385,Zack Kone,PIT,A,22-22,76,269,303,50,38,9,1,2,28,15,30,0,94,2,2,0,2,5,2,0.186
386,Drew Mendoza,WSN,A,21-21,55,201,239,53,37,12,0,4,23,25,34,0,57,3,1,0,1,3,0,0.264
387,Tim Tebow,NYM,A,29-29,64,214,244,47,29,14,1,3,29,23,24,0,69,5,1,0,8,0,1,0.22
388,Angel Aguilar,NYY,A,22-22,66,253,275,67,47,16,1,3,23,32,15,0,46,3,4,0,3,6,5,0.265
389,Ryan Ripken,BAL,A,24-24,106,398,421,97,78,12,0,7,38,44,20,0,77,1,1,0,13,0,0,0.244
390,Dalton Blaser,NYY,A,23-24,71,225,258,53,35,13,0,5,31,21,24,0,40,6,3,0,4,2,1,0.236
391,Gregori Rivero,PHI,A,21-22,78,270,284,64,43,14,3,4,25,33,8,0,62,3,3,0,4,0,2,0.237
392,Trae Arbet,PIT,A,22-22,88,323,349,75,45,17,4,9,44,50,13,0,93,12,1,0,12,3,3,0.232
393,Steven Sensley,NYY,A,21-22,88,312,347,85,48,20,3,14,42,44,26,2,86,8,1,0,5,2,4,0.272
394,Edgar Cabral,PHI,A,21-21,67,235,263,57,42,12,1,2,19,14,23,0,39,3,2,0,3,0,0,0.243
395,Brandon Brosher,NYM,A,22-22,67,217,261,48,28,7,0,13,28,31,30,1,103,12,1,0,2,8,3,0.221
396,Brandon Wagner,NYY,A,21-21,110,372,439,103,75,20,1,7,55,51,57,2,116,7,3,0,8,1,0,0.277
397,Ryan Kirby,SFG,A,22-23,150,526,606,121,66,37,3,15,70,69,61,1,168,16,3,0,10,4,2,0.23
398,Tucker Tubbs,BOS,A,24-24,107,369,417,86,53,26,1,6,40,38,40,1,93,6,2,0,5,6,4,0.233
399,Skyler Ewing,SFG,A,24-24,88,297,354,73,38,21,1,13,48,47,36,0,73,18,3,0,9,1,1,0.246
400,Melvin Novoa,TEX,A,22-23,109,395,439,104,59,31,0,14,51,68,27,0,79,10,6,0,6,1,2,0.263
401,Luis Carpio,NYM,A,19-19,125,474,535,110,86,18,3,3,53,36,53,0,95,2,6,0,15,17,5,0.232
402,Onil Pena,SEA,A,22-22,117,413,485,86,44,25,2,15,54,60,53,0,159,14,4,0,12,0,2,0.208
403,Anderson Franco,WSN,A,19-20,183,636,716,136,83,37,2,14,78,97,66,1,145,3,11,0,19,5,2,0.214
404,Ti'Quan Forbes,TEX,A,20-20,80,302,320,73,53,10,2,8,36,34,12,0,76,6,0,0,7,3,0,0.242
405,Dash Winningham,NYM,A,21-21,114,426,474,101,72,15,1,13,42,70,37,1,104,6,5,0,8,3,2,0.237
406,Drew Lugbauer,ATL,A,20-21,145,528,591,128,79,33,1,15,61,65,51,1,191,11,1,0,6,3,1,0.242
407,Gerrion Grim,BAL,A,23-23,97,368,392,82,52,12,1,17,40,60,18,0,102,4,2,0,6,2,1,0.223
408,Isiah Gilliam,NYY,A,20-20,125,444,511,122,70,33,4,15,80,85,55,0,111,5,7,0,10,9,5,0.275
409,Chris Hudgins,KCR,A,23-23,48,178,202,44,30,3,2,9,30,31,16,0,52,5,3,0,4,1,0,0.247
410,Evan Skoug,CHW,A,21-23,122,400,462,73,47,13,5,8,47,41,53,0,143,4,5,0,9,5,0,0.183
411,Quinn Brodey,NYM,A,21-22,93,349,388,76,44,15,6,11,40,53,30,0,107,6,3,0,4,7,2,0.218
412,Travis Jones,KCR,A,22-22,62,228,261,65,46,13,1,5,41,32,17,0,56,14,2,0,3,14,7,0.285
413,Scott Manea,NYM,A,22-22,100,345,405,90,55,23,0,12,48,53,35,1,66,24,1,0,10,0,0,0.261
414,Isael Soto,MIA,A,21-21,96,339,380,78,40,20,3,15,47,69,32,0,97,4,5,0,2,2,3,0.23
415,Marino Campana,BOS,A,20-21,130,489,536,115,70,20,8,17,60,75,36,2,146,7,3,0,7,3,1,0.235
416,Joseph Rosa,SEA,A,22-22,80,272,318,73,53,15,2,3,39,33,33,0,64,10,3,0,3,6,4,0.268
417,Joe Dudek,KCR,A,22-22,78,265,304,54,29,16,0,9,38,39,36,1,93,0,3,0,5,0,0,0.204
418,Omar Meregildo,WSN,A,20-21,94,322,369,83,47,26,0,10,36,48,37,1,105,4,6,0,4,0,0,0.258
419,Frank Crinella,BAL,A,23-24,100,338,367,69,53,7,8,1,38,28,22,0,97,6,1,0,3,6,5,0.204
420,Michael Paez,NYM,A,22-22,64,224,263,65,34,21,2,8,32,43,27,1,56,7,5,0,1,8,5,0.29
421,Blake Tiberi,NYM,A,22-23,88,316,381,82,63,14,1,4,56,29,57,0,66,4,4,0,5,6,1,0.259
422,Desmond Lindsay,NYM,A,20-20,65,214,251,47,28,10,1,8,40,30,33,0,77,2,2,0,2,4,2,0.22
423,Corey Zangari,CHW,A,21-22,86,291,345,59,25,18,1,15,44,38,44,2,115,5,5,0,2,2,1,0.203
424,Seamus Curran,BAL,A,20-21,204,732,821,163,103,30,0,30,101,112,81,0,230,4,4,0,16,1,1,0.223
425,James Nelson,MIA,A,19-19,102,395,432,122,81,31,3,7,41,59,26,1,106,5,6,0,10,6,2,0.309
426,Albert Baur,PIT,A,25-25,106,392,442,117,78,31,0,8,56,65,41,0,84,4,5,0,11,0,0,0.298
427,Ben Pelletier,PHI,A,20-20,107,371,411,73,43,16,1,13,43,40,31,0,130,9,0,0,9,2,1,0.197
428,Jeremy Fernandez,ATL,A,21-21,73,290,298,73,56,9,7,1,30,22,5,0,65,3,0,0,1,7,3,0.252
429,Brett Cumberland,ATL,A,22-22,55,175,236,46,20,15,1,10,34,48,31,2,61,25,5,0,1,1,0,0.263
430,Reed Rohlman,KCR,A,24-24,126,480,515,117,86,23,3,5,56,55,31,2,138,3,1,0,10,6,2,0.244
431,Tanner Gardner,TEX,A,21-23,57,185,209,40,22,11,4,3,28,20,21,0,49,2,1,0,1,1,2,0.216
432,Jeremy Vasquez,NYM,A,21-21,80,284,334,82,55,18,3,6,33,44,43,0,65,3,4,0,7,0,0,0.289
433,Diego Rincones,SFG,A,20-20,105,400,442,118,84,25,4,5,48,57,27,0,56,8,7,0,9,0,0,0.295
434,Seuly Matias,KCR,A,19-19,94,338,376,78,33,13,1,31,62,63,24,1,131,12,2,0,5,6,0,0.231
435,Pedro Castellanos,BOS,A,19-20,90,353,374,107,82,21,3,1,40,35,12,1,52,6,3,0,9,1,3,0.303
436,Dennicher Carrasco,KCR,A,22-22,62,232,248,58,38,9,1,10,34,30,11,0,58,4,1,0,3,2,3,0.25
437,Alexis Torres,BAL,A,19-21,75,246,266,51,31,17,3,0,31,17,20,0,80,0,0,0,5,0,0,0.207
438,Ryan Scott,BOS,A,23-23,115,417,477,100,62,20,4,14,56,79,38,0,121,16,6,0,8,11,3,0.24
439,Alan Marrero,BOS,A,20-21,65,215,247,43,26,10,0,7,23,22,31,0,87,1,0,0,3,0,1,0.2
440,Josh Stephen,PHI,A,20-20,99,314,337,76,53,17,2,4,28,35,19,0,71,2,2,0,3,4,1,0.242
441,Alex Kowalczyk,TEX,A,23-23,90,334,376,102,72,21,0,9,51,56,24,1,83,15,3,0,10,2,1,0.305
442,Jacob Zanon,NYM,A,22-22,50,179,209,44,33,8,2,1,26,16,24,0,43,2,2,0,5,28,3,0.246
443,J.R. Davis,SEA,A,24-24,47,180,200,43,35,6,0,2,24,14,15,1,35,5,0,0,1,2,0,0.239
444,Anthony Villa,CHW,A,24-24,65,211,250,55,35,17,0,3,25,28,28,0,74,7,3,0,3,1,0,0.261
445,Chris Clare,BAL,A,22-22,82,302,355,73,56,13,2,2,38,38,40,0,62,12,1,0,12,2,1,0.242
446,Griffin Benson,ATL,A,20-21,114,400,466,83,42,24,4,13,54,61,52,0,158,13,1,0,10,2,1,0.208
447,Colby Lusignan,MIA,A,24-24,80,304,337,74,43,19,3,9,44,49,26,0,117,6,1,0,5,2,1,0.243
448,Preston Scott,TEX,A,23-24,93,315,354,79,49,19,2,9,34,33,25,0,81,10,4,0,4,12,1,0.251
449,Aaron Bond,SFG,A,21-22,70,218,257,41,25,7,2,7,39,26,30,0,96,4,4,0,2,11,2,0.188
450,Jhailyn Ortiz,PHI,A,19-19,110,405,454,91,58,18,2,13,51,47,35,1,148,9,5,0,4,2,2,0.225
451,JC Encarnacion,BAL,A,20-21,243,912,968,234,157,46,10,21,108,114,44,2,279,8,4,0,12,17,8,0.257
452,Jefrey Ramos,ATL,A,19-19,122,469,503,115,69,24,6,16,57,69,27,1,89,4,3,0,17,2,0,0.245
453,Yasel Antuna,WSN,A,18-18,87,323,362,71,49,14,2,6,44,27,32,1,79,3,4,0,8,8,7,0.22
454,Yanio Perez,TEX,A,21-21,49,180,204,58,39,9,1,9,27,30,18,0,34,4,2,0,1,3,0,0.322